Recency,Frequency,Monetary,T
341,2,5342.4,341
7,7,431501.0,372
98,4,82378.47,372
37,1,176075.12,37
310,1,48173.37,310
37,11,241567.46,310
221,1,4357.89,221
251,1,161522.49,251
221,1,37648.28,221
37,3,161617.98,341
37,1,366359.4,37
7,2,39673.670000000006,160
7,6,672864.29,341
68,3,306242.38,221
310,1,30437.8,310
7,13,688511.11,310
129,2,53756.56,251
7,4,215049.54,129
310,3,59638.3,310
7,1,25839.440000000002,7
68,4,417753.03,372
68,2,167307.32,68
98,3,115169.81,310
310,1,28312.37,310
37,1,66577.75,37
7,3,36360.4,98
341,2,164885.7,372
129,1,604145.45,129
98,3,105708.76000000001,190
37,5,283392.46,190
7,6,206368.76,129
190,6,222610.77,372
37,3,66557.46,129
341,2,28316.56,372
37,6,252667.99,341
98,1,66785.3,98
37,1,253598.89,37
98,4,178735.91,341
68,2,60148.57,221
37,15,427347.96,372
37,2,278068.09,160
68,1,204266.06,68
129,4,158016.72,282
310,1,17283.4,310
341,1,36552.16,341
68,2,13749.32,68
160,1,122187.79000000001,160
37,3,310029.79,190
68,5,186352.68,282
37,9,253373.33000000002,282
98,7,324698.54,190
310,3,61744.66,310
98,3,159888.55000000002,190
68,5,109854.74,341
221,3,55774.39,310
37,26,1944187.0,341
7,12,532728.74,372
129,1,108728.73,129
68,1,60791.87,68
37,5,120314.6,341
98,3,89740.0,341
7,9,299025.94,372
190,2,66385.45,190
98,1,101635.55,98
221,1,64423.78,221
37,5,105999.6,372
37,12,780310.63,282
37,4,219920.34,372
68,1,13697.39,68
37,18,541433.7,372
68,5,306154.57,190
7,7,1041010.62,372
98,4,152672.79,372
98,2,101148.54,282
98,1,37832.96,98
7,19,517110.85,341
37,2,272767.92,160
372,1,40781.32,372
7,1,21563.65,7
37,5,456209.69,190
37,1,9383.41,37
68,1,112599.03,68
251,1,66037.09,251
68,1,55133.65,68
37,4,445251.36,190
160,2,20098.899999999998,190
37,6,817653.44,341
37,3,42101.1,37
160,1,119409.38,160
68,2,82346.66,68
98,6,229091.6,310
68,4,382840.43,282
68,12,179996.08,251
98,2,87334.81,310
98,2,93725.56999999999,160
7,4,196093.01,310
68,7,247879.52,251
37,8,60952.03,310
7,3,111615.44,190
160,3,104308.31,341
7,49,1351390.04,372
37,13,927503.2,372
37,9,467491.63,190
37,30,1198462.21,372
68,1,82538.12,68
7,20,671115.8,372
37,9,799397.41,310
7,1,100444.79000000001,7
7,3,99937.72,37
37,4,390183.74,341
37,11,567524.67,372
37,13,198902.62,341
37,8,856352.98,341
37,3,116253.34,98
341,1,30462.03,341
7,10,630004.55,341
37,1,58867.68,37
68,2,45247.52,129
190,3,58920.39,221
37,13,214807.05,372
98,1,46060.87,98
37,3,55777.82,68
37,13,159061.43,341
341,2,432544.63,341
98,5,369357.34,310
341,1,984.6,341
37,4,43814.619999999995,37
310,1,4735.36,310
251,1,66333.0,251
160,4,56400.76,310
37,2,172952.53,37
310,1,33776.46,310
160,2,77315.62,341
68,2,64773.0,68
98,2,96874.05,129
282,1,108784.52,282
372,1,26832.8,372
98,2,63849.31,190
37,6,751369.44,190
7,5,340254.36,129
68,1,45401.06,68
98,6,455111.95,282
160,1,91236.31999999999,160
68,2,31564.38,68
7,13,257626.78,341
37,8,389618.3,341
7,3,165732.83,98
98,3,57273.36,341
37,8,241009.11,341
68,5,167080.12,341
37,1,37309.4,37
37,1,36965.63,37
129,1,145122.73,129
98,2,76617.2,190
7,5,655384.95,68
37,1,49731.35,37
37,5,644016.77,341
37,19,1123549.76,372
37,3,118408.69,282
37,2,57648.64,37
98,2,130607.94,282
68,3,177828.01,98
221,2,25398.379999999997,282
190,1,16300.9,190
98,1,138743.17,98
372,1,25556.19,372
37,2,43372.18,68
7,14,521494.22,341
68,2,346168.37,160
37,5,66441.35,372
7,2,50578.490000000005,7
310,3,57244.44,341
7,4,271122.07,160
310,1,68068.38,310
7,7,489463.93,221
282,1,51285.32,282
282,2,25933.36,310
98,2,56563.92,98
37,11,1236543.23,372
7,35,477301.68,251
68,2,71284.35,129
7,3,145601.35,68
251,1,61040.44,251
341,1,33392.73,341
37,6,207386.9,310
37,4,337343.36,372
37,4,298317.01,341
98,3,80314.2,98
251,1,48780.4,251
68,1,39834.61,68
251,2,44363.11,310
7,18,547510.4,372
7,18,327275.04,282
251,4,219493.55,372
37,2,32467.56,372
7,1,6867.8099999999995,7
68,1,21605.08,68
37,2,90281.64,160
190,3,150441.71,221
341,1,57861.55,341
98,2,35188.38,221
129,3,48952.35,221
37,11,343717.22000000003,341
68,2,64399.53,251
37,5,491017.15,282
37,9,341431.71,310
37,7,132408.76,310
37,11,154047.48,372
190,6,62897.55,341
68,1,28803.260000000002,68
37,1,11580.1,37
98,2,44911.65,282
372,1,12564.19,372
68,2,525145.58,68
98,3,136117.68,341
37,7,281371.79,129
68,1,166484.01,68
68,2,66564.72,98
37,6,410409.81,282
282,1,59353.61,282
7,4,277978.14,190
98,5,91167.76,310
37,1,125568.03,37
37,1,25677.49,37
37,13,257918.54,282
37,3,214184.98,221
7,23,1116093.1300000001,372
251,1,30729.21,251
282,1,42649.520000000004,282
129,2,123962.13,190
221,3,248436.17,341
37,13,788897.17,341
37,7,557073.51,160
7,4,129261.39,68
37,2,176365.88,68
68,1,61220.32,68
68,5,274962.28,310
98,2,251521.74,160
68,10,927869.78,341
37,1,89893.9,37
251,1,48390.54,251
37,3,123705.38,98
129,1,27135.84,129
37,3,130167.2,129
129,6,61789.61,341
129,1,81522.06,129
37,5,159959.89,341
7,2,109347.67,68
37,13,327642.59,372
160,1,51506.53,160
129,4,84790.27,372
7,1,60688.13,7
341,1,19062.5,341
341,2,143557.86,341
160,2,112462.02,310
37,5,85058.88,310
37,8,297451.81,251
37,5,127580.72,98
37,1,91619.56,37
37,1,9620.599999999999,37
37,1,26553.64,37
7,12,597073.88,372
7,10,86232.46,341
341,2,3346.23,341
372,1,6171.55,372
68,1,90453.65,68
7,6,416929.38,372
160,4,240739.13,282
37,6,196991.19,251
341,1,26337.91,341
7,2,88085.51,341
37,7,236932.76,221
37,6,106702.85,310
68,13,423180.76,372
68,9,172047.4,282
7,4,135828.55000000002,129
37,27,1550022.12,372
7,31,1357209.51,372
7,20,971330.14,372
7,7,283119.19,221
37,6,367672.12,98
372,1,10484.83,372
129,1,411340.82,129
37,2,218690.78,129
221,1,36448.61,221
37,6,89529.75,372
129,6,116778.59,341
98,2,100424.5,190
7,4,65675.40000000001,221
37,5,111554.02,190
7,6,702760.5,221
98,2,140302.02,251
37,1,59776.28,37
68,2,58367.81,98
7,10,248030.52,190
37,14,947897.59,372
310,1,85627.83,310
37,16,455839.17,372
7,26,628053.21,372
98,4,202481.51,221
37,17,373352.41,372
7,1,84926.02,7
37,5,624751.87,310
129,1,67148.81,129
7,2,176034.56,160
160,3,147777.95,251
98,1,44483.56,98
7,3,118785.73,68
7,29,916521.68,372
37,7,466896.05,372
98,6,155654.69,160
7,5,183264.64,68
7,4,145300.63,341
372,1,82832.15,372
37,7,328641.56,372
37,9,352755.12,341
98,4,120059.77,341
129,1,90717.86,129
37,14,694216.18,372
190,1,21778.18,190
251,1,53205.19,251
372,1,7466.76,372
341,2,106369.89,341
341,1,11702.0,341
372,1,33761.71,372
98,2,90889.93000000001,98
68,1,60540.16,68
160,2,319162.63,160
68,10,640578.06,341
7,11,278907.21,372
7,224,11912482.34,372
7,8,615619.11,221
129,1,42300.090000000004,129
98,1,119563.0,98
7,11,560320.33,372
251,5,164573.54,310
251,4,13432.92,372
98,1,9561.32,98
37,19,907833.46,221
129,2,220751.04,282
68,3,233554.63,282
7,2,178612.05000000002,37
160,2,47405.16,372
341,1,114803.09,341
7,7,836637.32,372
251,1,76349.08,251
221,1,26281.81,221
68,1,115826.11,68
37,6,202878.12,310
37,7,134781.31,341
37,12,402027.14,372
37,5,75545.97,310
7,6,282050.17,372
7,8,194315.89,98
37,2,127546.93000000001,37
7,2,46653.18,372
37,3,49123.24,221
68,1,10336.68,68
221,1,68688.03,221
372,1,1305.7,372
282,1,40498.43,282
341,2,88451.78,372
68,2,107980.01,98
37,1,36532.54,37
372,3,44174.67,372
37,3,14566.68,190
190,2,65446.34,190
37,3,77570.15,372
190,2,66292.25,190
282,3,85955.24,310
68,1,55851.25,68
129,1,3226.7900000000004,129
160,2,104650.32,221
98,2,64672.25,190
282,1,9683.35,282
190,2,30800.7,282
7,4,142047.19,341
221,1,12523.14,221
98,3,84949.33,98
98,5,22279.64,310
68,1,70134.12,68
7,8,255168.62,372
7,3,56689.26,68
7,6,124149.78,129
341,3,22044.53,372
37,7,78107.61,190
282,1,25543.13,282
37,2,74764.53,98
160,1,65253.049999999996,160
282,1,42330.240000000005,282
68,4,412861.14,310
190,1,23193.73,190
37,2,362325.8,372
7,16,867757.04,372
160,6,304763.77999999997,251
7,26,1025280.59,372
98,2,97486.46,310
68,9,284463.44,282
37,2,115933.76,129
282,4,54580.25,310
37,1,253640.4,37
37,2,110068.89,282
98,1,127904.22,98
310,2,34448.52,310
129,9,197523.46,341
98,5,281745.23,341
372,1,6166.5,372
7,8,718270.23,68
221,2,132283.93,310
68,2,19899.06,221
160,1,2601.18,160
37,3,246395.84,372
282,1,43891.58,282
37,10,1377671.65,372
190,6,265615.99,372
372,1,3130.69,372
98,2,31876.32,221
341,2,166025.02,372
282,1,11614.99,282
160,2,10145.7,372
68,2,205777.86,221
7,12,437712.27,372
37,3,108656.0,282
68,4,27742.4,98
282,1,18812.469999999998,282
37,2,27355.0,37
37,4,158886.5,98
98,1,15977.05,98
68,4,179946.67,129
68,3,217268.83,221
221,4,16575.15,282
37,1,229965.89,37
190,3,9567.029999999999,310
37,1,76672.42,37
68,3,64519.81,98
221,2,4259.0599999999995,310
7,36,307135.27,282
282,1,25004.73,282
37,2,197212.82,190
37,5,150647.0,98
68,4,24717.760000000002,341
68,8,243043.59,282
37,8,175996.37,251
7,5,52156.94,68
7,5,128124.58,372
160,2,65518.59,372
160,5,287924.78,341
129,1,2928.2799999999997,129
7,8,120021.47,190
37,1,86104.78,37
7,50,1800032.86,372
160,1,63402.08,160
68,1,49664.42,68
98,5,91172.88,341
7,2,113615.82,98
37,5,244725.28,372
129,2,19605.629999999997,310
98,4,71841.82,190
37,20,288971.28,372
37,4,292229.25,282
7,8,336359.2,341
37,5,160039.75,98
37,4,323008.7,282
37,1,16355.099999999999,37
68,8,114618.69,341
68,4,249346.73,98
160,3,191599.63,372
310,1,3744.72,310
37,2,80358.89,372
310,1,73759.95,310
160,11,275126.6,372
37,8,377842.68,282
37,10,530588.71,251
7,3,47266.39,37
7,8,198540.68,341
7,5,203418.53,98
37,1,47587.19,37
7,14,493966.03,282
310,1,52827.13,310
7,12,609745.84,341
7,2,29950.64,129
7,9,233014.72,372
98,1,330078.66000000003,98
37,1,11465.36,37
7,4,114005.17,372
129,1,11204.1,129
7,4,395587.75,341
7,89,753251.92,372
221,1,22277.73,221
221,1,74980.16,221
160,1,12839.91,160
160,12,53629.869999999995,372
37,2,63224.14,160
251,2,90948.1,251
37,1,8463.99,37
7,3,187394.03,37
98,3,83405.03,221
310,1,257724.78,310
7,19,198762.17,372
37,3,26925.02,310
37,2,66119.27,129
37,4,63568.65,310
7,5,173927.37,282
98,2,9530.15,98
37,7,169160.63,341
221,3,74799.39,251
129,3,64024.02,372
7,15,877866.22,341
341,1,23140.12,341
129,3,14210.570000000002,221
37,22,1128569.47,372
190,3,64989.409999999996,251
68,1,19008.66,68
341,2,35976.55,372
372,1,6022.16,372
37,11,289624.3,310
7,15,560668.8,372
7,16,317002.57,282
68,5,453705.15,251
98,3,110061.34,129
7,1,4288.75,7
37,29,1134387.49,310
7,12,307237.89,372
68,2,96873.65,129
7,8,107545.64,282
129,6,80473.19,372
37,3,114117.21,68
37,3,17972.75,372
37,2,235504.87,372
37,3,203406.25,98
372,1,38982.39,372
68,2,96380.75,372
68,3,71721.14,282
160,3,111507.21,282
98,3,75972.55,310
7,2,114961.27,37
282,2,37174.74,282
310,1,82850.70999999999,310
98,1,38669.11,98
37,2,89375.64,282
37,18,537358.8200000001,372
37,5,328421.62,341
68,2,47893.46,341
37,28,1077220.51,372
221,1,54550.18,221
68,4,240184.12,221
37,3,24804.489999999998,160
251,1,14369.98,251
282,1,21239.73,282
98,1,15083.3,98
190,1,17542.09,190
37,4,167734.98,341
372,1,36312.56,372
37,3,97733.56,37
98,1,21197.75,98
37,2,1858.41,341
7,27,1112672.28,372
221,1,24473.04,221
282,1,19603.45,282
129,1,44215.15,129
7,4,279455.7,372
7,43,912701.72,372
7,5,18162.1,160
190,1,6428.3,190
7,21,2638158.3,372
129,10,244651.78,341
7,2,51451.8,98
160,3,64151.47,310
7,118,4739395.74,372
7,18,416705.76,372
37,2,75308.68000000001,37
98,6,83263.84,372
282,13,423408.18,372
37,16,41425.46,372
98,1,15108.060000000001,98
37,14,1141717.7,372
7,41,1576223.47,341
98,1,1925.25,98
251,1,20428.0,251
7,27,815199.1900000001,372
68,1,26358.45,68
7,6,48864.01,372
129,2,2933.04,160
68,5,166677.66,341
372,1,14617.16,372
7,5,123761.02,160
37,8,372117.65,310
7,40,701501.51,372
7,14,336289.84,372
129,2,112840.89,160
37,8,176428.77000000002,372
37,7,191878.59,310
251,1,385.84,251
282,2,127636.33,282
98,2,110007.17,251
98,3,609551.28,372
7,10,364989.88,372
98,1,20555.52,98
98,1,3427.29,98
37,4,140577.02,190
282,1,12382.490000000002,282
282,2,18003.769999999997,310
98,7,293751.89,251
221,1,2515.35,221
68,11,330101.65,372
37,9,1773029.69,310
37,6,177635.77,372
37,8,455127.97000000003,282
129,3,140007.2,372
98,6,361388.38,341
37,1,67468.05,37
341,1,7257.400000000001,341
68,5,15067.330000000002,372
37,1,37872.68,37
37,4,7863.44,98
37,17,896262.27,372
37,4,233330.09,310
221,2,199487.22,310
7,1,33413.99,7
160,1,4494.64,160
37,4,216211.07,372
68,5,224771.42,310
98,4,204095.82,341
7,5,301420.97000000003,129
37,1,14167.08,37
341,1,16781.66,341
129,5,211129.18,341
68,2,106805.06999999999,372
282,2,76747.31,282
37,4,148310.89,160
37,5,315161.05,341
68,2,24476.57,251
37,1,81897.12,37
7,5,117289.81000000001,310
7,2,126414.07,372
37,3,798119.26,372
68,1,191246.75,68
68,1,29473.26,68
37,11,686379.8,372
68,1,20667.23,68
7,9,218851.88999999998,341
37,12,445212.98,310
282,1,3617.4,282
68,5,198740.05,129
341,1,130229.06,341
37,1,514.55,37
37,2,55332.15,129
98,2,162558.19,221
68,1,61054.060000000005,68
160,1,10127.099999999999,160
37,4,278867.93,282
37,8,631584.35,372
7,39,330852.97,372
37,4,118094.31,129
37,4,118643.48,251
37,2,21631.87,160
68,7,328768.86,310
37,11,809863.96,372
98,1,59635.86,98
37,3,155689.59,372
37,4,371865.76,68
68,6,244237.78,221
282,1,4371.66,282
129,5,18390.0,160
129,1,9910.25,129
98,4,43522.32,251
251,2,176013.96,372
221,2,18200.98,251
68,3,297829.01,160
7,8,88782.52,372
282,1,45063.97,282
221,1,18576.02,221
98,1,6672.5,98
251,1,28745.0,251
7,15,1567205.17,372
37,7,506534.95,251
98,2,106105.76000000001,341
221,2,148403.7,221
37,3,96160.93000000001,129
37,5,81180.14,372
282,1,59977.14,282
98,4,176150.82,372
129,3,29372.010000000002,221
221,1,156099.37,221
98,1,80865.82,98
68,1,39962.87,68
37,7,349858.96,341
37,4,38357.27,98
129,2,82951.48,190
98,3,62254.44,282
160,2,111724.54,341
7,3,32192.899999999998,372
37,1,618.6,37
37,3,128499.74,221
68,1,187085.4,68
68,1,24655.010000000002,68
282,2,28883.34,310
282,1,26356.41,282
7,35,4233075.5200000005,341
68,5,206392.06,282
37,19,449818.1,372
7,27,556534.66,372
37,15,1133420.9,282
7,17,826257.97,372
372,1,4158.400000000001,372
37,2,275037.61,37
37,2,43716.96,98
129,1,34941.81,129
68,2,77900.88,98
37,4,18743.33,160
68,1,123390.76,68
68,2,17985.600000000002,98
129,3,224160.77,341
37,6,98391.66,221
68,2,11781.7,190
341,2,41192.380000000005,341
37,4,462664.08,310
160,1,99119.92,160
37,2,100743.52,310
190,2,156638.74,251
372,2,24095.21,372
160,1,17677.519999999997,160
7,4,147570.07,68
7,1,1019.64,7
282,1,15005.429999999998,282
190,2,69555.12,190
129,4,205118.46,310
160,1,274.93,160
372,1,54420.42,372
7,10,238931.28,372
129,1,1308.2,129
37,4,147070.34,221
7,5,264375.95,310
7,6,206065.44,341
7,2,66028.88,160
37,5,201050.7,341
7,4,189667.85,98
37,5,218254.39,282
68,9,358540.89,372
7,3,44039.46,37
7,36,1257587.3800000001,372
98,6,295173.42,221
98,2,24530.5,98
37,1,67826.31,37
7,5,55177.0,98
37,12,189652.95,372
98,1,20542.96,98
37,9,285975.09,372
341,1,54769.18,341
37,4,50412.44,372
98,3,120259.71,341
37,1,46605.35,37
98,3,651733.84,310
98,1,127083.1,98
160,3,62050.64,160
221,1,139406.98,221
68,7,380141.55,282
282,1,114966.85,282
190,2,69622.65,190
68,3,296652.2,282
282,2,47966.23,310
98,1,25890.23,98
68,1,45144.78,68
37,1,30319.57,37
37,3,101482.51,98
68,1,29679.62,68
7,2,68983.25,68
98,1,141300.4,98
129,1,67352.71,129
98,1,79385.73,98
282,1,254605.38,282
282,1,77019.38,282
68,2,58758.229999999996,68
7,5,477433.13,310
37,2,175536.97,68
68,2,41672.33,98
7,3,301208.22000000003,221
68,1,99.12,68
282,2,82803.68000000001,341
372,2,52694.62,372
372,2,115846.14,372
98,1,61481.02,98
68,3,456266.0,282
98,2,95085.68000000001,98
98,3,126801.13,251
37,3,220159.92,160
37,7,421702.86,310
282,1,44007.43,282
37,9,377037.19,190
341,1,82884.19,341
129,3,86394.04,160
37,3,120340.43,251
98,1,27135.86,98
221,1,2184.06,221
7,10,406565.87,310
190,1,58425.15,190
37,4,111684.96,341
98,6,84782.16,341
221,1,48681.99,221
129,2,95724.03,372
37,1,15437.17,37
7,2,26413.440000000002,221
98,3,53610.38,341
7,81,1242486.09,372
7,7,75370.97,310
129,1,39634.31,129
160,3,62682.61,310
68,2,42713.36,98
7,2,86481.32,221
37,23,782821.54,372
68,1,38545.83,68
160,4,28788.300000000003,190
68,3,248514.52,310
68,2,327440.9,68
129,3,195074.16,310
7,12,362950.82,372
37,3,47745.5,221
37,1,185279.43,37
37,4,179853.24,98
37,4,128882.95,98
68,2,126882.84,98
98,2,31842.66,98
7,9,263318.81,190
7,1,54500.13,7
37,7,457967.07,190
282,1,146113.37,282
98,1,36609.42,98
37,4,165898.71,37
37,10,555869.77,372
37,1,39761.479999999996,37
37,6,177728.68,221
37,6,1032821.24,341
282,2,1834.88,282
190,2,47270.72,310
37,4,170312.06,372
37,7,214846.74000000002,221
7,22,1060816.82,372
37,2,68531.28,68
37,3,64267.96,190
190,2,45963.340000000004,251
68,1,71027.14,68
129,2,35216.06,190
37,2,264631.89,37
7,41,719205.22,372
98,2,31151.47,129
7,4,549321.44,68
68,3,51184.72,341
251,1,174758.77,251
190,4,216703.5,310
190,4,127979.02,282
37,8,178700.68,310
221,3,39695.15,251
68,8,284459.7,372
251,1,20348.31,251
68,1,29036.69,68
251,1,23047.83,251
251,1,51103.600000000006,251
98,3,167518.5,160
68,3,93822.75,372
37,17,1101444.3,372
129,4,22989.35,310
68,10,230273.73,372
160,3,128024.8,221
282,2,24494.85,310
310,1,43666.380000000005,310
7,6,166628.44,372
37,3,97865.95,372
282,3,57185.76,372
37,7,108086.05,282
37,4,159629.5,129
251,2,122461.0,310
37,3,40216.68,341
98,1,44194.91,98
68,1,54041.63,68
68,8,586465.68,251
341,3,88926.24,372
7,4,398380.14,160
251,1,32444.920000000002,251
7,7,100532.34,310
7,5,297126.79,190
282,1,43210.71,282
129,1,16832.99,129
98,1,10876.96,98
98,4,160445.80000000002,251
37,3,102845.72,251
68,5,355872.15,190
98,1,117506.78,98
68,2,23436.829999999998,98
68,8,221776.13,372
7,3,1061498.06,37
37,1,15633.89,37
37,6,399338.3,372
68,5,65341.04,221
37,2,7907.84,251
37,8,635571.68,341
98,2,50916.42,221
221,2,50740.19,372
37,1,171956.06,37
190,3,203449.23,282
7,43,874610.06,372
7,7,435572.96,98
68,7,62195.79,341
98,4,97796.19,310
68,2,210634.65,251
37,3,213700.57,221
98,2,300185.72,251
37,8,106548.15000000001,251
341,1,13323.57,341
68,16,294454.3,341
98,4,321336.72000000003,221
37,2,89538.92,282
7,4,390719.66000000003,68
7,1,92952.99,7
221,1,39817.450000000004,221
98,3,252750.2,251
98,2,116149.94,160
160,5,156926.22,372
37,2,90023.13,341
68,2,449343.66000000003,98
190,1,115558.2,190
37,2,256877.09,372
251,1,80085.72,251
37,12,835955.39,282
221,1,96604.87,221
68,2,91930.29,282
37,5,111408.33,190
37,20,354629.35,372
37,5,232857.02,251
37,2,41689.81,372
310,1,27397.45,310
160,1,117878.51,160
310,1,50268.61,310
37,3,31245.760000000002,68
37,13,466352.11,282
37,2,65864.05,190
37,7,261061.41,310
68,3,159948.29,282
37,4,50524.66,282
129,6,354954.52,341
68,1,71873.94,68
7,2,439180.02999999997,37
68,2,104590.31,68
7,33,697797.79,372
341,1,47495.56,341
68,2,268860.19,221
68,1,55409.02,68
37,1,48147.75,37
37,3,125962.21,310
68,1,272516.01,68
37,9,510006.26,310
98,4,165316.25,372
37,4,505431.49,341
341,2,67267.89,341
68,3,124527.99,190
190,1,44228.090000000004,190
129,1,52362.48,129
37,7,211549.87,310
251,1,51222.82,251
68,7,261845.3,372
37,11,163224.69,341
7,11,263738.97000000003,310
98,12,28370.63,282
37,6,380855.26,251
37,5,476900.72000000003,341
68,1,164872.65,68
37,6,168588.29,310
68,3,238942.9,251
37,1,19847.23,37
98,1,86734.67,98
221,1,162514.45,221
37,3,44532.34,190
7,5,353585.57,129
129,1,5971.1,129
37,5,187745.32,251
282,2,56307.48,372
37,7,216934.65,282
37,2,22077.86,68
68,3,191070.64,372
68,6,405233.59,282
129,2,146244.18,251
190,2,123607.61,341
37,2,33817.22,221
37,7,266359.03,221
221,3,316431.23,341
98,7,153387.92,282
190,1,26632.350000000002,190
68,3,35841.06,310
160,1,255394.62,160
7,29,1266981.16,372
68,2,14004.16,160
98,1,70319.98,98
310,6,38168.5,341
37,2,169359.89,37
160,2,66960.99,310
160,1,46851.619999999995,160
7,5,596223.43,341
37,4,143215.76,160
190,1,8076.55,190
310,2,58308.42,310
7,7,86301.37,68
190,1,19808.02,190
68,1,17268.29,68
68,1,19887.06,68
37,5,130092.94,251
341,2,13971.68,341
7,60,1544184.98,372
37,15,192677.37,282
37,1,40682.59,37
160,1,40914.0,160
37,10,509166.29,341
341,1,112.95,341
7,10,311530.57,98
7,3,60918.86,372
310,1,63182.83,310
282,2,105357.99,341
282,1,99597.06,282
7,17,869106.65,341
37,1,29630.4,37
221,2,32391.77,221
251,1,27602.84,251
282,8,275050.62,372
282,1,60193.68,282
37,7,274317.85,310
251,2,42717.420000000006,310
37,5,164200.62,251
129,4,116501.07,282
37,1,68856.3,37
129,4,208459.65,282
221,1,10056.54,221
68,11,294830.98,310
37,2,128819.66,129
37,2,49977.009999999995,37
37,6,163568.09,310
160,2,106281.28,160
221,2,108711.59,251
37,1,78771.63,37
37,8,552795.72,251
7,3,475232.51,282
221,1,90127.68000000001,221
37,1,9664.279999999999,37
251,1,54784.46,251
98,4,82674.37,221
37,14,857114.68,341
7,8,99600.34,282
98,2,171506.12,310
160,2,66271.73,190
372,1,1058.89,372
98,5,67824.85,372
68,5,53741.81,341
310,1,10266.48,310
129,6,178611.2,251
310,1,89890.27,310
160,2,25047.75,341
7,10,876902.87,68
7,15,396255.19,372
37,7,330178.68,372
37,2,82720.06,98
68,2,136472.08,282
68,2,148649.36,190
221,2,28794.02,221
68,3,39190.3,190
98,3,553777.09,341
7,52,1019774.73,372
7,16,354993.38,372
68,5,322025.26,251
37,3,514539.88,251
98,1,69742.26,98
7,41,560752.2,372
129,1,26599.14,129
7,2,128506.21,190
251,1,34760.5,251
37,6,311392.61,341
37,11,67842.05,341
372,1,10319.400000000001,372
98,2,68335.72,372
7,1,106682.19,7
68,3,51133.15,190
68,2,29615.07,310
7,63,1123404.12,372
129,2,105317.24,310
310,1,79143.27,310
68,1,53772.1,68
160,6,153808.75,372
282,1,27285.64,282
37,7,372805.36,310
68,2,32915.2,129
68,1,26983.07,68
372,1,17628.260000000002,372
7,5,202817.91,98
310,1,49685.33,310
37,4,98311.06999999999,68
190,4,26795.27,251
68,3,89337.48000000001,129
68,5,180522.67,160
68,3,165658.06,160
37,5,446880.67,341
37,4,79378.07,68
37,2,57923.44,372
310,3,73834.92,341
160,2,156312.71,282
7,2,242136.12,68
37,2,104531.97,98
37,5,124295.67,310
160,2,44179.74,190
68,3,238833.1,160
37,1,34533.35,37
372,1,2914.28,372
37,6,191040.64,372
37,2,8204.41,37
160,1,55715.17,160
37,4,136949.27,221
221,2,38753.73,341
7,4,428648.25,372
251,1,506.92,251
68,9,542759.41,372
37,1,63041.19,37
68,1,41839.94,68
37,4,122990.1,372
98,3,13417.85,372
68,2,243185.77000000002,190
98,2,247584.74000000002,129
98,3,218341.01,310
7,2,65606.03,68
7,29,253673.37,372
190,5,47689.35,221
68,1,23196.45,68
341,1,49400.04,341
7,6,162172.7,98
37,10,336679.0,341
251,2,48756.11,251
68,4,81547.81,310
98,1,10527.880000000001,98
37,3,139072.99,221
7,2,90739.53,37
129,4,718946.4,372
7,10,300938.88,310
37,14,818340.48,310
129,4,58662.39,310
372,1,55584.08,372
68,5,281421.46,310
68,1,17837.239999999998,68
98,1,14054.710000000001,98
68,1,82748.63,68
37,13,435644.04,372
7,22,510590.15,310
7,6,162768.22,68
7,9,399928.77999999997,341
7,6,130655.64,282
190,2,63574.229999999996,221
98,1,39543.89,98
221,1,62596.5,221
129,2,90626.96,221
98,1,38831.38,98
7,14,254055.55,372
37,4,53196.35,251
310,1,43280.9,310
37,5,75607.71,310
37,5,304730.73,190
68,1,41090.14,68
341,1,45155.01,341
37,2,57759.43,282
190,3,110742.95,282
98,5,371783.82,341
37,2,61555.75,310
98,5,285996.55,282
68,9,365822.07,310
7,3,72316.26000000001,37
68,2,44052.69,190
68,2,69213.93,282
68,3,79341.97,129
372,1,10779.100000000002,372
68,1,36782.8,68
7,11,363661.13,98
37,6,119489.96,160
37,1,24980.62,37
98,1,52464.01,98
37,4,63786.41,160
190,3,33356.68,341
68,2,42805.64,160
98,3,142534.03,282
310,1,44071.04,310
129,2,59252.62,160
282,1,75031.52,282
190,2,48915.19,190
190,1,12191.849999999999,190
37,1,20554.51,37
37,4,113529.99,310
37,4,115853.81,160
37,7,147083.94,372
98,3,20913.84,282
68,1,12456.099999999999,68
372,1,12115.97,372
7,6,420987.36,98
37,5,85752.47,251
190,3,97570.59,310
221,3,331565.59,251
7,7,54060.47,372
7,3,70317.8,98
160,2,94362.56,310
7,5,386037.66,282
372,1,11635.04,372
98,3,190554.5,372
37,2,25854.46,98
37,2,13621.09,251
310,4,88535.48,372
160,1,6532.799999999999,160
7,20,1729114.47,372
7,11,407200.68,310
98,2,40777.78,221
310,1,24702.37,310
68,1,60929.79,68
37,7,931116.3200000001,282
221,1,34299.26,221
37,2,23014.68,68
98,1,139483.79,98
68,1,19791.64,68
68,5,279928.39,372
37,13,304081.59,372
37,6,44482.42,372
7,16,928803.54,282
37,1,39826.41,37
37,9,629911.62,282
68,2,102905.06,251
221,1,50683.61,221
37,7,213826.06,160
37,1,11003.04,37
37,12,318887.8,341
7,6,349495.48,160
37,6,214701.52,251
37,15,567757.55,372
221,2,49546.08,221
68,4,89831.9,372
160,2,131130.65,160
68,7,444061.79,310
37,5,210616.75,221
129,3,76937.41,341
221,3,107036.04000000001,221
282,1,33799.09,282
129,3,92825.87,282
98,1,98297.88,98
68,1,50753.53,68
160,5,378569.83,372
68,4,183929.06,160
37,2,102882.72,98
160,3,64406.479999999996,282
251,1,82193.81,251
7,2,91600.55,251
129,2,46861.11,129
68,1,6752.02,68
68,2,24206.100000000002,160
37,8,617890.59,372
7,23,695653.53,372
7,18,356058.39,372
37,4,206976.02,160
37,5,189520.38,310
310,1,107606.39,310
190,2,67506.09,372
98,4,281127.11,221
37,1,11503.94,37
68,15,649026.15,341
282,1,63202.74,282
37,4,545411.52,310
129,4,18645.0,372
310,1,24255.61,310
7,7,105320.31999999999,372
282,2,209646.05000000002,310
37,6,1279918.93,341
37,2,160174.19,129
7,26,586668.52,372
37,1,116477.06,37
129,2,14586.9,160
68,1,18140.61,68
129,1,22905.469999999998,129
7,29,2793456.92,310
37,18,702024.12,372
282,1,23870.17,282
7,20,537982.18,372
37,12,295193.93,372
37,7,196849.84,282
282,1,9401.41,282
68,2,156129.91,98
341,1,59982.04,341
7,9,850611.16,282
37,2,26620.45,37
7,3,115184.67,282
129,1,108333.08,129
68,5,109762.72,282
129,6,138524.63,372
129,1,29376.48,129
37,1,7824.0,37
282,4,410275.22000000003,372
372,1,111317.79000000001,372
7,9,485681.08,372
7,19,1119804.76,372
7,2,181224.58,7
37,14,1542446.39,341
68,1,66827.15,68
341,1,3874.5,341
7,17,574385.77,372
37,1,300141.05,37
7,34,12965429.74,129
37,1,72079.75,37
37,12,676802.85,372
160,1,81339.84,160
98,6,78223.49,341
7,8,186794.05000000002,68
160,2,36874.35,190
98,2,230114.46,251
68,8,296544.78,372
37,3,126141.41,129
37,2,37794.4,98
7,13,417292.68,282
37,5,19736.81,251
37,12,439882.34,282
7,8,132280.82,372
282,2,46813.82,341
37,5,182260.35,129
160,1,16962.22,160
372,1,7038.0,372
7,6,340622.95,68
98,1,8938.43,98
37,3,414453.53,98
7,4,38568.15,37
129,3,95616.09,310
68,2,112121.91,282
7,5,148380.45,282
341,1,169297.44,341
7,12,533317.01,190
129,5,78129.09,341
7,15,336591.51,372
7,2,125501.09,68
68,1,79430.58,68
7,3,189131.57,37
7,6,101474.42,129
372,1,62036.380000000005,372
160,1,21122.81,160
68,5,29218.7,221
7,6,653402.05,372
68,3,16587.76,310
251,1,2469.3,251
221,3,122264.17,221
37,2,56475.08,372
98,3,136954.59,251
251,2,130917.09,251
282,1,7110.9,282
37,66,3773194.82,372
37,3,136075.24,310
68,1,92141.5,68
37,14,3008907.91,372
221,3,281710.41,372
190,2,74901.41,310
98,4,153214.93,251
98,2,80700.08,98
282,1,69268.03,282
68,4,153920.36,341
98,1,179173.06,98
37,4,65281.32,221
37,1,65552.61,37
68,7,397657.5,341
310,5,103911.02,372
98,5,113096.37,190
7,7,779124.06,190
68,2,420777.86,68
37,31,645766.54,372
68,1,54918.25,68
341,1,8552.140000000001,341
7,10,218153.32,310
7,24,699924.63,372
7,14,638196.85,221
68,2,114580.39,282
7,32,1526947.24,310
221,3,18613.87,251
129,1,23489.4,129
7,7,103195.6,251
221,1,5284.15,221
68,9,86228.07,372
7,1,127652.45999999999,7
37,4,96705.87999999999,372
251,2,39717.62,372
98,1,29488.02,98
37,7,198602.42,341
98,7,319926.18,372
68,13,280801.31,310
98,1,20624.95,98
372,1,15921.580000000002,372
37,7,176156.71,282
37,7,245036.89,372
7,4,173559.83000000002,37
7,24,239062.49,372
68,1,38115.58,68
7,1,21651.49,7
251,2,61207.47,372
68,10,510852.34,341
190,1,111632.17,190
98,4,125196.79000000001,282
129,4,267301.44,341
37,7,176692.14,282
37,15,477505.18,310
68,5,109191.64,341
190,5,152971.09,310
37,8,291514.66000000003,282
68,5,133523.5,341
37,4,410071.28,68
37,6,198795.02,282
98,2,39937.29,372
372,1,13069.22,372
341,1,24375.88,341
68,13,273099.73,341
37,2,117511.15,251
190,1,31636.780000000002,190
251,2,36398.17,341
7,14,366835.53,372
190,5,262358.57,282
129,3,161159.43,251
282,1,52197.47,282
341,1,30923.949999999997,341
7,3,228801.75,98
7,5,215398.65,68
282,3,164080.52,372
68,6,283438.05,341
37,10,277805.84,341
160,1,9023.91,160
68,2,106929.53,98
7,8,318200.56,251
160,3,46918.94,372
129,2,62589.81,160
160,7,175902.09,282
341,1,74635.2,341
251,1,29298.9,251
98,2,87874.29000000001,282
68,4,59799.86,251
98,5,180511.79,310
37,4,542296.53,221
221,1,25507.65,221
7,15,391609.2,372
37,3,91079.92,98
37,4,64564.39,190
37,5,718291.11,251
7,4,46098.87,221
221,2,54871.979999999996,221
7,6,130248.56,310
37,6,262166.87,372
7,12,649700.1900000001,282
7,14,292267.98,341
7,4,132631.45,372
68,2,16744.5,341
37,6,162421.23,282
7,45,4123714.52,372
7,18,422622.29,372
37,1,6314.530000000001,37
129,2,33233.99,129
221,2,67430.09,310
98,5,285669.2,160
68,3,81820.44,98
98,6,470783.79,372
7,10,301062.94,372
251,2,69414.35,251
68,6,230545.81,341
129,1,15682.89,129
37,7,288186.69,282
68,1,61217.69,68
221,3,126032.53,341
37,5,302020.55,341
129,4,107796.58,251
251,2,32004.02,251
190,1,30952.36,190
7,14,683107.66,341
129,2,71468.86,160
37,3,72997.27,160
68,2,66939.41,68
37,9,412504.44,372
37,2,143261.9,98
37,4,272773.6,282
160,4,88866.21,221
251,4,52074.32,251
221,1,13983.24,221
68,9,333540.3,341
37,6,52854.68,221
129,8,172677.9,372
37,1,16208.0,37
129,2,135430.45,310
282,1,36352.47,282
37,1,81795.84,37
282,2,59235.05,282
190,1,825.6,190
160,4,107041.79000000001,282
221,1,14810.740000000002,221
7,2,17504.57,37
372,1,27122.170000000002,372
68,4,104555.93,98
68,1,107279.46,68
37,6,138788.97,98
37,4,287300.46,98
37,1,97407.04,37
129,8,170940.35,221
7,19,1310924.87,282
341,1,24253.29,341
310,1,5244.120000000001,310
372,1,13983.33,372
190,1,245584.48,190
190,2,30192.829999999998,282
68,2,120312.32,310
68,1,136355.86,68
37,1,350020.88,37
37,3,145238.71,190
37,3,55333.16,37
310,1,17381.07,310
37,3,389242.6,129
7,10,481824.98,372
7,5,167622.19,341
37,13,760914.29,372
221,1,7480.67,221
7,12,847369.71,372
68,2,175717.88,372
7,23,229146.58000000002,221
160,2,78812.28,160
7,14,441693.63,372
129,5,65645.59,251
37,7,261364.76,372
129,1,38999.59,129
129,9,172094.41,282
37,7,217114.47,282
98,7,173066.04,372
37,15,751467.35,310
310,1,34929.31,310
37,3,116126.0,98
372,1,73205.54000000001,372
98,8,254165.68,372
7,18,1584518.15,372
37,2,28539.79,68
7,3,284550.69,129
37,6,455352.91000000003,372
98,2,96066.58,98
68,2,75936.75,221
7,6,546480.46,282
221,1,4909.990000000001,221
37,1,99.18,37
37,16,641368.49,372
68,2,46498.48,68
7,7,384574.43,341
310,2,72913.93000000001,310
37,6,942859.35,98
37,6,31634.52,98
98,1,15725.489999999998,98
160,2,9889.92,372
310,1,22552.98,310
341,1,81150.16,341
7,5,133166.34,372
7,10,154450.82,372
7,5,188626.0,341
68,7,267124.09,372
7,4,779099.49,251
37,5,178925.12,282
37,2,44508.36,372
37,4,702839.77,372
190,3,106568.23,341
68,2,284058.36,221
37,2,168434.88,98
190,1,51032.99,190
7,14,2557460.04,160
310,1,10607.48,310
160,1,114738.86,160
129,4,27430.0,310
160,3,443219.55,282
68,15,621682.26,341
98,3,9385.77,221
251,3,346717.99,310
37,7,176185.51,372
37,4,253337.14,341
37,2,114454.76,310
129,8,703967.29,372
98,2,30738.49,282
68,2,64707.58,68
98,6,126771.06,310
282,1,40937.21,282
37,5,23500.79,310
282,2,33396.33,372
37,1,44752.99,37
190,2,97402.47,310
37,6,390529.62,251
160,2,16546.94,282
68,1,47959.51,68
37,1,124589.74,37
37,7,381040.75,372
68,2,151750.81,68
221,1,67646.44,221
190,2,41958.03,372
7,7,338866.22000000003,160
37,1,20158.9,37
68,2,11355.279999999999,129
310,2,38017.65,372
310,2,77460.33,310
68,5,480514.87,372
37,3,570743.93,282
98,3,16246.74,190
68,3,16230.02,341
37,14,1640323.67,341
7,6,427917.11,190
68,4,315885.95,282
37,11,1981005.06,372
37,5,776958.44,372
37,7,256291.69,282
37,2,169728.11000000002,98
37,6,189383.57,160
190,2,50216.67,251
129,4,34714.36,310
68,3,211171.62,341
37,6,249262.4,221
37,2,58634.92,160
68,1,43149.04,68
7,2,14651.98,310
37,4,28587.100000000002,221
129,1,21768.4,129
37,9,552080.26,372
7,13,712466.03,372
7,86,2643709.28,372
37,1,46487.38,37
68,3,612598.27,129
37,6,556219.88,310
251,4,170039.81,372
37,9,163882.62,372
7,25,1411160.42,341
68,4,913089.01,251
282,1,60395.61,282
68,1,21796.87,68
68,2,34112.98,282
37,2,93867.16,68
37,3,227952.29,310
68,8,264339.43,341
190,1,11442.43,190
7,21,282036.63,372
37,2,307526.35,372
7,9,1075570.24,251
7,9,936651.23,68
160,2,3494.9,341
310,1,136274.61000000002,310
37,2,114798.78,68
37,2,18158.82,221
160,1,161951.91,160
37,5,255472.24,341
37,4,524945.39,68
68,2,58351.22,310
68,2,69683.72,98
7,24,162292.65,372
98,3,156038.41,190
7,22,1204344.86,310
98,6,276587.71,372
129,1,5832.07,129
37,3,86391.61,129
7,1,21284.63,7
282,2,87735.33,282
7,10,645674.39,341
190,13,587979.47,372
372,1,6673.799999999999,372
37,4,310587.39,372
7,1,45530.93,7
37,1,52430.69,37
68,1,14568.42,68
7,5,873781.1,221
190,5,242264.36000000002,221
68,1,96239.04000000001,68
251,3,62017.66,282
37,10,909563.96,341
372,1,11777.56,372
37,4,490669.28,221
37,3,373854.39,68
37,3,408122.12,221
7,2,131405.72,372
37,6,268368.09,341
37,2,148522.14,190
68,1,129654.7,68
310,1,43938.87,310
37,1,21518.03,37
282,1,4768.549999999999,282
7,128,7144512.92,372
37,17,294992.63,282
7,4,50205.08,372
98,4,3438.58,310
251,3,6114.530000000001,341
37,4,48618.630000000005,372
251,2,60138.52,251
221,3,77439.90000000001,282
7,6,264761.85000000003,372
190,1,60283.62,190
37,6,335072.11,251
68,2,33733.68,68
190,5,145086.47,372
7,7,290100.38,251
310,1,14463.900000000001,310
98,2,49151.11,251
7,3,424150.32,68
68,3,102429.48,310
282,1,25179.27,282
282,1,50921.47,282
37,2,64477.68,282
68,1,60538.51,68
68,8,417802.45,372
37,8,279071.52999999997,251
37,1,17037.87,37
68,1,1790.83,68
190,3,93918.70999999999,372
37,4,76440.93,310
160,2,52406.74,282
7,77,5418075.66,372
221,1,47976.13,221
7,4,483894.11,221
68,2,279177.9,221
98,1,77347.8,98
7,7,581664.21,341
7,5,102032.13,221
190,2,198693.38,282
37,5,362473.74,341
7,2,81958.26000000001,129
7,12,678514.76,341
98,2,85323.97,129
37,1,11735.220000000001,37
37,4,488050.89,341
37,2,251612.49,37
68,7,305356.55,310
37,1,30056.83,37
37,27,1402944.08,372
251,3,419083.95,341
282,2,325972.86,282
251,2,155487.82,341
7,5,176305.11000000002,372
37,1,246135.78,37
37,8,93484.83,310
372,1,524.8,372
37,23,855424.83,372
98,3,20654.71,221
190,2,12141.86,221
37,5,1123818.42,372
129,1,28929.760000000002,129
7,27,986406.25,372
221,1,40496.55,221
68,3,109678.02,160
37,5,185442.66,221
160,5,166416.59,341
282,1,24182.239999999998,282
7,9,276372.8,372
221,2,64342.65,221
7,5,497925.2,68
221,1,15288.89,221
37,3,268868.11,251
37,12,843891.14,341
7,18,923272.92,372
37,1,62146.909999999996,37
37,9,1071542.66,190
221,1,540.6,221
7,4,68825.73999999999,372
37,14,521532.18,372
37,4,402133.67,68
37,12,801216.0,282
37,3,69177.89,129
37,12,914784.7,372
37,1,44033.62,37
37,4,191650.48,341
68,2,163311.74,160
7,6,606783.9,251
7,3,82984.77,129
160,1,64510.700000000004,160
37,6,762259.3200000001,372
37,1,147628.58,37
282,1,38496.64,282
372,1,171449.72,372
7,8,1343518.6300000001,282
68,3,107492.66,221
7,10,385627.73,341
37,15,491609.41,372
7,34,530100.41,372
7,3,33408.71,372
68,9,136617.2,341
7,8,148434.23,372
190,4,204917.45,282
37,6,154107.6,372
37,9,50972.22,372
129,6,164547.92,310
251,2,56995.880000000005,251
37,6,221324.76,372
68,1,21362.730000000003,68
98,1,62090.57,98
68,2,90288.19,310
37,12,610902.72,341
37,1,113712.8,37
98,1,52246.15,98
160,4,150426.24,282
7,3,267770.02999999997,251
310,2,10239.94,310
68,2,30871.72,341
282,1,55899.36,282
68,2,20797.96,68
37,3,105546.49,190
7,8,362467.05,372
37,3,7207.5599999999995,129
7,10,2741330.03,372
251,2,143922.33000000002,341
129,1,19997.85,129
68,3,148897.19,372
68,13,353164.5,341
7,2,3482.05,372
129,2,90974.48,310
282,3,93965.99,341
68,2,64842.05,98
341,1,10768.86,341
37,2,44682.54,341
37,2,4373.01,37
7,2,62677.51,37
37,1,14965.27,37
37,4,85297.67,282
68,2,13669.19,68
7,2,47447.96,37
7,9,220963.56,341
190,1,14302.58,190
7,27,2892647.33,372
68,3,38984.87,310
68,1,28774.62,68
68,16,1011381.63,372
68,1,181224.7,68
190,3,155122.43,310
7,1,23720.16,7
37,4,131660.21,341
98,1,22918.83,98
68,15,710662.41,190
68,11,630668.29,372
372,2,73706.89,372
37,2,141203.53,68
221,1,6264.03,221
221,2,174474.15,282
98,3,127280.1,282
68,2,41327.35,221
37,4,79807.24,190
372,1,2406.1099999999997,372
190,3,183384.36,221
37,4,84823.39,98
7,12,315856.07,372
221,3,65921.39,341
37,6,134901.31,372
68,1,104694.44,68
37,8,210739.05,251
37,3,19436.5,37
98,5,275880.71,221
282,1,6572.68,282
68,6,411249.78,372
37,8,370697.51,310
68,4,306767.13,251
160,1,26038.81,160
37,28,971713.4,372
310,2,66731.47,372
37,2,66797.03,282
68,6,357856.14,251
7,3,31018.75,221
98,8,307477.54,282
129,2,51924.18,160
37,3,152426.26,68
68,3,134734.54,160
37,5,119852.73,221
7,2,26348.57,37
68,1,17156.02,68
37,2,115738.13,160
37,1,26759.35,37
7,2,8979.18,372
37,13,252604.5,372
190,4,75655.11,372
7,9,364794.38,251
7,3,162596.56,129
282,1,31884.47,282
7,4,230506.05,372
221,1,62731.5,221
37,5,145264.75,282
37,9,307151.98,372
98,3,116321.2,310
37,1,47280.87,37
37,2,22019.36,37
37,7,110281.94,221
160,1,52333.18,160
251,1,27329.16,251
98,1,12531.49,98
221,1,64560.060000000005,221
341,1,21451.03,341
282,1,14484.59,282
160,2,88357.88,190
37,2,184959.0,37
98,1,43289.1,98
7,24,1290756.28,341
221,2,107197.14,372
7,4,141626.49,310
37,8,325427.44,372
37,10,246330.09,372
37,2,54726.41,37
37,10,951338.04,282
7,2,181788.6,37
160,3,47363.52,251
7,10,413633.26,372
98,1,15160.939999999999,98
7,7,93163.0,68
7,248,15362741.47,372
37,3,82720.81999999999,251
37,4,210556.63,372
98,3,29338.07,282
98,5,198211.49,341
129,2,121922.92,160
221,2,132280.72,221
37,2,213475.28,221
68,1,128404.27,68
251,1,26288.31,251
37,1,29862.44,37
129,3,285432.77,282
7,6,117525.33,251
372,1,37160.84,372
98,3,192734.21,282
310,1,39815.82,310
37,9,876719.0700000001,282
68,4,74481.48,129
37,14,466437.99,372
37,1,6348.8,37
98,2,25333.350000000002,129
37,7,164265.53,221
7,2,47206.83,37
98,1,52991.880000000005,98
68,15,371384.94,372
37,1,132180.82,37
37,1,221909.59,37
282,1,38159.6,282
160,3,105494.59999999999,251
68,5,180027.86,310
7,2,80510.72,190
37,12,793270.27,372
282,1,10655.17,282
37,5,472352.43,190
251,1,28418.93,251
98,2,199305.54,98
37,1,82295.17,37
68,1,20320.66,68
37,1,91388.59,37
68,4,83448.20999999999,341
37,3,432271.8,68
129,1,43358.8,129
129,3,77545.79000000001,251
37,1,49716.75,37
68,1,20546.94,68
68,8,180362.24,341
98,5,586423.63,341
251,1,22937.03,251
37,2,92778.41,190
221,2,225385.67,372
37,2,14480.890000000001,372
221,1,77797.77,221
37,2,166354.4,282
68,4,75941.79,190
190,2,191378.69,251
68,1,208192.11000000002,68
129,4,317965.85000000003,372
160,1,394684.78,160
37,35,2981921.32,372
68,1,355771.43,68
160,1,24953.83,160
37,3,454734.96,37
37,1,53921.56,37
68,2,348807.33999999997,372
68,2,105823.52,190
190,1,43228.3,190
37,1,40128.64,37
37,4,73093.83,372
282,1,157805.13,282
7,13,1224277.14,372
37,4,342053.97000000003,68
7,12,1438255.8800000001,372
37,10,444654.93,372
37,1,191897.15,37
98,3,144619.58,282
37,6,101950.5,251
7,4,155989.24,372
98,2,17511.85,282
7,4,246369.87,282
282,5,149160.31,372
7,11,1299845.53,341
37,11,1074357.87,372
98,1,72347.63,98
98,3,334232.87,190
68,7,321431.47,372
37,52,3806099.17,372
190,1,159161.85,190
221,1,12627.47,221
37,1,14675.16,37
37,22,1279149.14,372
160,3,27662.09,282
37,16,496057.25,341
282,1,67251.86,282
68,5,257452.31,372
282,1,7124.01,282
37,5,220039.42,98
37,3,395056.49,160
341,1,75063.66,341
7,3,194387.59,282
37,2,262583.62,68
282,2,65232.04,341
37,11,682375.22,341
68,11,600677.28,341
7,4,288096.29,37
7,55,1011876.59,372
98,4,144641.92,372
221,1,12763.119999999999,221
37,6,436155.45,310
37,2,152109.89,68
98,3,209318.52,282
68,2,267645.94,282
190,1,196776.57,190
372,1,1718.72,372
98,2,49699.29,282
37,4,188123.74,190
129,1,112337.62,129
98,1,67057.55,98
190,1,112422.7,190
7,38,1109930.51,372
221,5,142857.37,372
37,6,89376.55,372
282,1,9963.22,282
282,1,41493.57,282
37,3,150410.79,68
37,6,366097.1,129
310,1,56793.61,310
68,2,88645.98,68
221,2,91988.45,282
37,9,285688.9,372
129,5,141491.13,221
68,1,24695.47,68
7,1,84494.72,7
190,5,3363.8700000000003,190
98,1,62069.520000000004,98
341,6,17087.59,372
7,3,20918.73,372
37,2,89040.68000000001,98
190,3,174232.78,282
37,7,245407.22,160
37,7,305155.04,282
310,8,54873.92,372
160,5,152643.96,251
251,2,57880.86,251
37,7,72125.9,341
37,3,192357.78,372
37,4,230684.18,68
37,10,494299.58,310
37,1,73204.23,37
37,4,130968.39,221
37,6,217873.29,221
160,1,6184.349999999999,160
251,1,40376.32,251
129,2,65185.31,160
68,2,79699.23,310
98,6,223124.66999999998,310
7,2,266943.8,221
37,2,29338.28,190
37,23,327968.08,282
68,1,32452.600000000002,68
68,8,270000.91,221
68,11,207324.8,310
190,1,55090.77,190
37,5,142674.69,282
129,3,71955.2,310
37,8,184761.86000000002,251
251,2,28218.57,251
7,5,190732.23,98
251,2,29961.2,341
68,8,210037.65,282
68,1,63270.54,68
251,1,34024.95,251
7,18,544018.52,341
7,4,164607.93,251
190,3,247418.17,310
221,2,81265.7,251
37,1,50215.32,37
160,1,73841.07,160
37,11,855962.84,282
37,16,660361.91,190
37,1,59562.6,37
98,2,209159.86000000002,98
7,3,125001.39,37
7,5,331732.12,372
68,1,22003.079999999998,68
7,34,1892495.5,372
372,1,12029.36,372
37,2,85125.9,221
68,3,255568.22,341
372,1,68081.27,372
341,1,101845.17,341
37,1,14418.640000000001,37
341,2,13256.62,341
7,5,288953.27,251
341,1,22834.66,341
98,1,62499.33,98
282,1,5386.129999999999,282
37,7,240314.53,372
372,1,21379.29,372
68,5,56662.97,372
160,2,51299.05,282
37,2,167254.15,190
98,1,74708.9,98
37,2,46956.520000000004,190
7,18,246643.57,221
7,53,678561.83,341
129,3,144517.86000000002,372
68,1,58000.98,68
7,22,844288.65,372
7,1,2889.0,7
7,5,73084.51,372
98,2,26276.35,129
68,4,43352.74,310
98,11,254660.24,251
37,6,385328.71,310
372,1,19225.920000000002,372
98,3,91077.97,129
37,4,23519.51,282
7,6,109030.44,372
251,1,45251.99,251
68,2,138513.44,372
251,2,11203.09,251
341,3,39637.020000000004,341
7,8,281474.72000000003,251
68,6,101211.2,341
98,1,5605.16,98
37,11,402288.33,341
190,1,20194.17,190
68,7,308783.61,282
372,2,29230.1,372
341,1,15209.19,341
251,3,84800.77,251
372,3,37572.73,372
251,1,59476.13,251
310,1,32041.010000000002,310
37,5,139067.58,341
68,5,320321.16,310
251,2,73004.23,251
129,2,70191.35,160
282,1,37202.600000000006,282
221,12,362484.39,372
310,1,43439.53,310
7,4,256800.75,251
37,5,147445.22,190
37,3,140914.16,98
68,7,233040.74,372
68,9,329985.73,282
98,1,64462.05,98
68,2,70649.99,251
160,3,222191.82,282
251,2,95196.51,372
129,1,11468.66,129
37,15,940724.08,282
37,15,362614.57,251
37,2,108494.97,190
37,6,188111.21,190
129,1,45242.81,129
68,1,106540.44,68
160,1,18896.14,160
282,2,26930.62,282
190,2,95024.21,221
129,8,192086.26,372
160,1,52215.59,160
341,1,39405.15,341
129,1,35518.93,129
68,1,38927.48,68
160,2,216057.71,251
341,1,7014.58,341
37,5,34693.38,190
37,1,5274.4,37
37,9,121374.65000000001,310
7,16,705186.2,372
68,2,174288.57,98
7,2,117214.24,37
37,2,106023.5,37
68,1,136063.51,68
68,1,33368.87,68
372,2,58276.54,372
190,1,36725.6,190
68,12,451702.49,341
68,1,10425.14,68
37,3,55857.11,98
68,5,259486.05,372
37,4,152732.36000000002,251
7,21,545702.31,372
37,20,331215.51,372
221,1,66951.24,221
68,10,542009.26,341
37,4,96807.46,68
7,14,506056.98,372
68,11,27118.91,372
68,1,64654.69,68
68,14,617869.89,372
310,1,75250.28,310
68,10,57282.29,372
68,3,137132.26,160
98,1,32816.8,98
282,2,38770.28,282
7,118,6301150.63,372
98,5,97708.99,372
129,1,3508.8,129
221,1,58188.05,221
68,3,78194.84,129
341,1,3008.28,341
7,1,105362.08,7
282,1,46045.05,282
68,1,86460.94,68
68,4,258434.96,310
68,2,119059.59,98
129,1,105942.94,129
341,1,46542.630000000005,341
68,1,17256.41,68
37,5,186224.54,372
37,2,27886.0,68
372,4,71107.08,372
221,1,47260.229999999996,221
160,3,300051.31,190
68,1,87203.79,68
68,3,232546.62,341
98,1,33813.98,98
129,2,76247.25,129
98,1,68099.73,98
7,5,64185.93,98
37,2,64276.96,68
341,1,43660.49,341
372,1,8963.83,372
98,1,25860.03,98
160,2,161713.7,190
372,1,24554.629999999997,372
37,10,574898.07,372
282,2,151091.88,372
37,2,31151.29,68
37,10,1357179.8,372
7,29,1401715.3,372
68,1,28683.28,68
372,1,20391.489999999998,372
251,2,46762.2,372
98,2,88458.99,282
37,9,377623.54,341
98,2,86301.05,372
68,5,253022.76,282
37,1,5382.31,37
160,1,1912.24,160
68,8,257635.12,341
160,1,63408.86,160
7,13,301502.96,372
129,1,4343.29,129
68,3,299561.55,221
190,8,489603.47000000003,372
7,6,72028.27,372
221,2,22771.36,282
37,8,777056.54,310
190,3,137981.91,372
68,1,43200.21,68
190,1,68538.76,190
282,1,23747.18,282
190,1,3014.8,190
7,5,216243.03,372
37,2,26924.25,282
37,4,188726.96,372
341,1,21384.120000000003,341
129,1,35947.840000000004,129
310,1,15473.33,310
37,3,208765.11000000002,98
7,3,133328.59,98
98,6,36908.55,282
160,2,124007.95999999999,221
190,1,24364.06,190
37,4,177768.67,310
37,4,366086.57,310
282,1,82521.97,282
98,8,366483.04,282
37,5,258476.16,190
190,1,20207.93,190
37,3,110805.28,251
341,1,165772.26,341
68,5,503646.03,282
98,1,81972.28,98
37,1,13410.31,37
68,4,143274.02,310
341,2,21296.42,341
37,1,6874.91,37
282,2,46607.89,282
37,7,803410.97,372
37,3,776290.86,68
37,1,16034.380000000001,37
37,3,204637.67,98
37,1,21852.21,37
98,3,131825.52,282
7,6,162719.38,221
37,1,89826.77,37
37,3,839294.89,251
282,1,111104.41,282
160,1,53429.479999999996,160
68,3,178169.97,221
251,1,8638.78,251
7,8,1008499.6900000001,341
37,2,554658.28,68
282,1,15373.47,282
341,1,21484.559999999998,341
341,1,55915.71,341
37,5,149910.77,282
37,1,57181.49,37
37,3,140940.55000000002,282
7,7,717510.52,190
372,1,63078.38,372
282,3,158259.07,372
282,1,127291.53,282
37,1,31385.510000000002,37
372,1,165826.93,372
98,3,29718.45,190
37,1,14955.630000000001,37
341,1,363829.17,341
37,24,260193.7,372
98,1,127575.57,98
37,4,112235.11,160
37,5,88766.7,372
68,4,66105.74,129
7,1,217343.84,7
129,1,217676.33000000002,129
37,10,35057.88,68
98,1,75764.02,98
68,2,137500.03,68
129,1,142787.57,129
37,16,329995.87,372
160,4,219486.07,282
7,5,458524.26,98
37,3,231567.55,372
98,1,5192.0599999999995,98
37,4,170414.2,221
98,7,364834.05,251
37,2,81221.1,98
37,7,770397.76,282
37,2,364828.03,129
37,3,45690.03,341
7,35,1343480.24,372
7,4,155943.32,98
37,23,637110.68,372
372,1,170534.13,372
98,1,26349.420000000002,98
68,7,261461.31,160
37,3,389258.10000000003,160
190,1,137680.73,190
190,6,242864.61,251
341,1,8953.49,341
37,5,411682.66000000003,98
160,2,10519.96,372
37,22,789459.66,372
37,13,584009.43,372
68,3,33221.14,68
251,1,61356.62,251
68,13,532850.03,341
7,1,46771.759999999995,7
37,13,550372.76,282
37,2,150393.63,98
98,1,18441.09,98
37,1,17.36,37
7,4,488956.78,372
37,2,3764.87,37
37,10,428057.43,372
282,1,65175.73,282
37,12,1746067.58,372
37,4,283100.58,251
7,2,579039.01,37
37,6,682296.06,372
37,5,234525.7,98
190,7,194153.43,372
190,1,69117.01,190
7,1,104983.72,7
37,1,38104.13,37
129,1,80915.09,129
310,1,92034.2,310
7,11,703183.76,372
68,2,227690.92,372
7,14,1740523.93,372
98,4,284510.93,341
7,4,150879.22,310
37,1,67943.48,37
221,1,41923.73,221
68,1,133602.61000000002,68
282,1,45305.67,282
37,20,2309352.21,372
37,1,99012.66,37
37,1,55070.740000000005,37
37,5,54702.23,221
372,1,4587.26,372
7,7,305318.56,372
68,2,32280.18,98
37,1,20363.66,37
7,3,132196.29,98
129,5,74487.05,341
7,13,895418.4400000001,372
37,4,171095.52,98
7,7,582108.74,282
37,2,283648.52999999997,98
190,4,405525.08,372
37,1,114422.41,37
160,3,94418.21,310
190,1,21817.59,190
68,2,124440.1,341
129,14,392245.92,372
37,3,104583.39,221
37,5,349355.79,190
190,1,87126.11,190
68,4,32967.41,372
251,4,75590.85,310
310,1,894.04,310
68,1,61658.22,68
98,1,16642.55,98
37,6,266118.83,251
129,9,222784.74,372
37,2,61114.33,37
37,3,30247.13,68
37,2,130660.58,221
37,17,1020057.74,372
7,15,132924.27,372
98,1,6904.26,98
68,1,62155.46,68
37,5,163416.54,372
68,11,232275.72,341
341,1,30511.05,341
37,4,163959.19,129
190,2,41951.479999999996,190
68,1,17343.2,68
37,15,98095.87,341
37,2,12945.619999999999,68
37,27,1059218.19,372
37,5,114613.79,160
37,1,8305.26,37
68,6,255511.49,372
7,6,44950.020000000004,37
7,16,591672.22,282
160,1,39419.060000000005,160
129,4,95593.6,282
129,8,164781.57,251
98,2,163943.55,341
7,10,406615.38,372
68,3,165168.79,221
37,10,489687.68,282
37,1,37458.85,37
98,2,48919.47,282
68,1,31390.09,68
310,1,2292.45,310
160,1,72765.75,160
7,17,1250392.87,372
129,4,308849.67,372
190,6,95409.9,282
190,4,621850.7,282
37,1,95936.59,37
160,4,50604.57,372
221,4,92179.83,282
341,2,3012.3900000000003,372
37,3,73583.1,282
98,1,42357.64,98
98,2,19253.39,129
37,2,56327.11,37
251,2,81654.03,251
68,4,111077.15,310
37,1,434.52,37
190,8,133555.49,372
68,1,29663.95,68
37,12,218573.09,372
341,2,14704.5,341
129,1,27068.28,129
68,2,44693.45,372
190,2,308990.86,251
68,1,21881.62,68
221,1,760.43,221
68,5,69187.27,282
310,1,22936.289999999997,310
37,10,222182.93,282
98,4,383281.81,341
98,8,341855.73,282
98,3,58283.5,282
37,5,567816.43,282
68,1,93422.14,68
68,1,31340.77,68
37,4,310889.1,190
37,3,193252.57,372
37,6,158992.58,282
129,1,9077.76,129
7,11,471447.7,341
129,2,21886.13,372
7,2,51742.18,129
251,1,2958.03,251
37,1,24228.23,37
7,15,198549.57,372
282,2,41819.81,282
37,12,451579.09,341
37,1,33030.16,37
190,3,185057.03,190
7,4,688974.68,129
282,1,23316.34,282
160,4,327049.11,221
221,1,11663.310000000001,221
68,7,151557.84,129
37,4,554708.34,98
68,11,689960.33,372
282,1,17119.31,282
37,5,121004.2,310
160,3,38125.159999999996,372
37,2,99358.83,98
160,4,332470.18,372
251,1,13673.759999999998,251
37,14,2451257.2600000002,341
37,1,338284.19,37
37,1,221652.91999999998,37
37,6,210919.46,310
372,1,99337.08,372
221,3,17238.25,310
37,1,76269.62,37
37,7,754731.97,372
68,1,7597.360000000001,68
221,2,16323.619999999999,221
68,4,199495.91999999998,221
221,2,37891.05,372
282,1,21157.66,282
129,2,48323.38,221
37,12,206900.23,251
37,19,461495.55,372
68,1,21479.84,68
68,1,11512.52,68
37,4,248056.65,190
98,1,8194.37,98
7,6,140339.76,251
160,2,64585.29,160
37,3,252593.86000000002,190
68,1,53173.65,68
251,4,35642.72,341
7,9,790793.98,372
68,8,998605.21,372
310,1,30.82,310
68,4,75881.52,251
7,8,387562.6,310
68,4,491048.7,251
68,2,120115.14,221
37,1,24984.46,37
221,3,7753.53,372
68,2,99238.39,98
37,3,172407.57,98
98,10,518900.75,282
68,1,35082.770000000004,68
129,4,67521.39,251
7,29,434335.82,372
7,1,26543.190000000002,7
68,1,66993.43000000001,68
251,1,18077.72,251
160,1,40614.22,160
251,5,60488.22,372
190,3,89571.82,372
37,4,37233.27,310
37,4,119314.33,98
37,1,31913.07,37
37,8,239755.66999999998,310
68,5,701330.28,129
37,3,560263.45,68
372,1,68022.52,372
37,1,89698.88,37
68,3,184543.53,221
37,4,37173.92,282
160,1,124548.41,160
7,10,331071.07,310
129,4,14599.87,341
98,3,218695.18,341
129,2,311049.14,251
68,4,171125.98,129
160,3,10236.45,160
68,1,20642.33,68
7,19,731742.78,221
37,20,789810.3200000001,372
68,3,70826.18000000001,282
68,3,123015.75,98
310,5,513228.28,372
37,6,97762.42,310
98,7,270156.63,310
37,9,364717.92,372
129,5,104714.42,341
221,2,103286.70999999999,251
7,6,202004.72,68
68,5,119078.03,282
68,4,303279.99,282
341,1,48783.76,341
68,2,146546.58000000002,68
7,2,77533.95,372
341,2,37647.21,372
190,1,51043.42,190
68,4,190609.38,221
98,20,357219.2,372
98,2,123641.52,160
37,2,108472.2,37
68,4,173822.62,341
282,1,143751.38999999998,282
98,6,703152.25,372
68,4,147924.6,341
68,2,38903.270000000004,68
68,1,67371.88,68
37,21,417247.56,372
37,5,178093.0,160
68,3,59506.06,190
68,6,119298.03,341
310,1,13559.6,310
68,1,16465.78,68
37,10,360709.01,341
37,2,59296.509999999995,310
37,2,216163.21,190
190,2,51755.42,221
68,1,97897.75,68
7,12,346952.27,372
160,5,196861.13,282
7,31,1736788.3800000001,372
37,1,41088.39,37
37,5,444384.57,372
68,8,360945.11,372
37,9,1400247.83,282
7,4,351951.76,372
37,2,40781.35,221
37,8,62639.16,341
68,3,96115.75,221
129,1,114880.76000000001,129
7,16,1241683.28,372
282,2,43372.22,282
37,1,200384.25,37
37,2,310889.18,37
68,9,414660.17,310
7,3,389088.53,37
372,2,285067.65,372
341,8,76068.28,372
221,5,76040.37,372
7,2,126589.67,37
98,3,35378.94,310
68,1,27236.73,68
98,2,30217.52,98
160,2,220885.97,372
251,1,129673.66,251
282,2,93258.28,372
160,1,21648.5,160
221,2,67173.34,221
7,6,216602.52,372
372,1,7612.73,372
37,1,134308.3,37
37,3,309339.01,160
37,8,216011.85,310
7,1,80417.87,7
37,8,367012.05,282
7,3,622606.91,221
190,1,9215.560000000001,190
7,8,645465.51,341
190,2,57725.22,251
37,10,367136.85,372
251,1,22862.09,251
190,2,104998.32,282
37,2,377893.82,372
160,4,163447.31,160
190,1,63571.7,190
372,2,33392.130000000005,372
372,1,45287.51,372
221,1,29938.809999999998,221
68,1,60081.95,68
7,11,339899.97000000003,310
37,3,222375.5,98
251,2,33678.24,251
68,1,19586.7,68
129,5,62031.979999999996,341
98,16,195236.39,341
310,2,3296.84,310
160,1,31904.850000000002,160
282,1,17672.07,282
372,1,4651.200000000001,372
98,1,99088.20999999999,98
7,2,137987.7,68
37,2,61684.82,98
7,5,307601.37,372
7,3,100069.95,310
37,4,260275.63,251
37,10,218682.84,372
37,16,491424.88,372
37,1,99337.45999999999,37
98,1,15566.01,98
37,2,55068.48,68
37,4,337190.52,372
37,2,199917.76,341
7,4,46894.950000000004,190
310,1,31602.480000000003,310
37,12,104135.75,310
251,3,18980.58,372
68,8,466409.48,310
98,1,52848.0,98
190,2,253643.83,221
37,2,179511.4,68
98,1,120229.09,98
98,3,124926.19,282
37,8,241831.53,310
37,4,283875.62,372
7,11,659014.93,372
129,3,93202.93000000001,251
37,1,27285.98,37
37,7,340160.68,372
37,1,90382.23,37
68,2,109826.89,310
7,1,13814.35,7
7,10,1514417.61,68
68,1,81246.75,68
98,7,350966.06,372
37,6,1331747.57,372
7,3,30718.879999999997,7
37,5,310705.71,372
37,4,546178.16,282
221,1,16235.25,221
68,4,930375.02,221
37,3,78396.55,221
37,4,228691.03,160
251,3,233372.4,372
7,16,515136.55,372
37,3,272512.16,160
7,54,350606.38,372
37,4,372120.11,310
7,4,432170.39,68
7,10,648994.04,372
68,1,66362.54000000001,68
68,2,72737.48,190
7,10,427618.41,372
37,3,127194.16,68
282,1,193514.6,282
68,3,296769.59,282
37,1,151137.58,37
37,1,74332.48,37
68,1,81428.49,68
98,7,43982.69,310
37,76,666040.41,372
310,1,87847.21,310
98,2,237616.98,251
7,27,2966264.28,372
221,3,55518.229999999996,341
98,2,147952.31,282
282,3,84687.0,372
7,4,79090.83,221
68,3,208075.45,282
37,3,16660.96,160
37,7,202708.93,372
37,4,114463.98999999999,341
129,4,194029.47,310
98,3,16125.6,372
68,3,811462.45,98
190,1,23188.22,190
68,1,72778.48,68
37,2,224087.4,129
160,1,153569.18,160
221,1,25474.8,221
68,1,163527.37,68
7,10,305242.87,310
68,6,465850.28,372
282,1,4228.0,282
37,4,151245.11,372
282,1,54043.84,282
372,1,171132.2,372
37,5,266463.99,129
37,2,118198.34,37
68,1,38295.85,68
310,1,53185.75,310
310,2,2280.2200000000003,310
7,11,303352.65,221
282,1,2841.0,282
37,3,58262.08,68
98,3,36889.12,282
68,5,601945.63,372
129,2,61611.82,372
310,1,117676.9,310
37,5,475231.89,341
68,6,77832.31,372
160,2,43935.6,221
98,5,138854.02,282
129,1,490.23,129
37,6,153346.34,341
282,1,30591.06,282
251,1,22756.010000000002,251
98,7,181718.44,372
68,3,126998.06,251
37,3,180894.80000000002,98
68,3,114481.49,129
7,6,146616.59,251
68,1,66921.92,68
251,1,44784.450000000004,251
68,1,15692.990000000002,68
37,7,73540.3,190
98,2,136364.11,98
221,2,56052.240000000005,310
68,3,839151.97,310
160,4,50931.6,341
190,1,97383.37,190
190,1,7278.7,190
37,8,654877.91,310
221,2,79121.45,221
190,1,80775.22,190
7,2,47153.62,98
68,5,90209.77,68
68,2,552060.57,221
98,4,103999.41,372
68,1,49393.98,68
341,2,35368.810000000005,341
372,1,22354.33,372
37,4,306531.99,310
68,1,96092.94,68
37,5,228761.77,282
68,6,204181.19,251
7,46,904343.6900000001,341
37,3,72397.1,372
282,1,45363.57,282
68,3,81297.09,282
372,1,491.66,372
37,3,91924.03,221
68,4,85262.16,372
98,1,76104.5,98
251,1,78469.52,251
7,7,330789.01,372
251,1,826.1,251
7,18,595507.68,372
160,3,73868.32,251
160,1,50175.18,160
310,1,386.82,310
7,2,56044.51,160
37,10,375418.54,372
282,1,82078.96,282
68,5,252987.13,372
7,13,368018.86,310
37,4,55116.79,98
282,1,33586.58,282
68,4,29763.97,98
7,26,1287494.01,372
251,1,7730.01,251
251,3,18122.75,372
37,4,87056.96,68
37,28,247453.05,372
7,4,215407.12,98
68,7,339711.21,251
68,1,5114.9800000000005,68
98,5,166744.11000000002,251
37,7,242191.0,98
129,3,38458.05,160
98,4,163009.3,251
68,1,29988.64,68
160,1,27198.359999999997,160
68,1,32984.92,68
129,10,428991.48,251
98,1,31635.12,98
98,4,71963.57,310
68,1,33716.18,68
68,7,145129.41,221
37,2,74768.34,251
37,13,540231.3200000001,372
37,17,762225.64,310
68,4,186086.02,251
37,2,31999.46,98
68,1,25342.37,68
7,25,394121.86,372
251,1,42339.15,251
98,1,34452.95,98
7,2,424211.67,190
7,5,287219.06,129
372,1,45307.41,372
68,5,68989.68000000001,372
37,1,134060.36000000002,37
37,4,263752.76,190
68,4,186236.2,341
37,1,33544.58,37
68,2,184546.56,310
98,5,136392.58,251
7,18,310604.09,372
98,2,67577.84,98
37,3,107928.1,282
98,1,12941.650000000001,98
190,3,123034.54,282
98,1,42825.05,98
282,1,85891.79000000001,282
251,4,61228.8,282
37,8,206328.79,372
37,3,264972.77,372
341,1,351316.37,341
68,4,243579.46,251
68,5,344622.0,282
221,3,12709.230000000001,251
221,2,17760.48,251
98,2,110900.93000000001,221
190,2,93029.98,221
37,5,92092.76,221
98,5,54928.84,372
68,6,132690.41,341
98,1,55469.17,98
68,3,44396.62,190
7,5,360636.13,98
37,13,1690036.68,372
7,8,799758.19,282
37,2,118148.64,68
221,2,225720.2,372
37,5,244641.59,282
190,1,31977.68,190
68,1,29527.31,68
68,5,182249.63,251
282,2,72464.44,372
372,1,67126.73,372
37,3,296631.72,282
37,10,754444.77,372
282,2,45546.69,282
190,1,5764.29,190
68,5,339345.17,221
68,1,27642.780000000002,68
37,4,338405.53,251
372,1,12652.2,372
37,11,655233.84,372
98,7,179885.12,221
98,2,127923.92,98
372,1,132655.04,372
7,6,348725.57,372
129,1,52078.33,129
372,1,188974.24,372
221,1,78833.08,221
190,1,12113.18,190
37,3,60824.81,129
37,4,248182.59,341
98,1,37231.31,98
341,1,26139.559999999998,341
7,7,403784.21,221
37,2,292885.67,68
190,1,22751.78,190
129,2,47414.49,129
7,12,314083.86,372
37,4,204176.51,68
221,4,58458.77,282
37,3,54841.83,190
129,2,39484.25,129
37,4,461536.17,341
160,1,71426.16,160
221,9,111239.62,372
37,4,6217.4400000000005,282
98,3,107683.66,251
37,2,75899.36,68
7,2,39317.78,68
341,1,31717.86,341
68,12,443476.51,372
129,3,208632.75,310
37,1,48720.59,37
221,1,16258.57,221
190,2,147733.0,221
98,7,27947.66,341
7,2,118188.87,37
221,1,868.5300000000001,221
129,3,299260.51,190
68,5,49214.11,251
7,15,800116.79,341
37,6,751096.63,372
37,4,111944.24,129
37,8,353238.19,310
7,22,104311.25,310
37,1,24315.73,37
160,1,18187.48,160
310,1,53369.33,310
129,1,389125.43,129
37,6,233689.66,221
98,4,38753.799999999996,190
37,2,140989.12,37
160,1,3842.04,160
68,1,106848.49,68
37,2,260186.7,37
37,7,541976.81,251
310,1,27609.730000000003,310
37,5,135593.4,372
341,1,20526.350000000002,341
37,2,86241.43,37
7,23,204214.85,372
68,2,77673.78,98
221,4,86822.91,282
37,3,90857.2,221
7,5,273154.29,190
7,12,192948.08,341
7,8,1709922.94,98
37,4,253317.96,98
37,9,215375.27,98
68,1,18817.98,68
37,2,129027.5,160
37,9,121789.91,372
37,1,59105.51,37
37,2,356885.18,372
7,2,138948.82,37
37,3,267299.52,221
98,4,537502.39,251
37,2,238097.83000000002,37
68,2,263940.76,282
7,3,304712.97,37
282,1,10919.93,282
251,3,65869.42,310
7,5,281342.07,98
68,1,75581.18,68
98,2,240767.42,282
98,2,93712.16,282
68,3,180339.19,372
37,2,247363.29,282
341,1,7907.29,341
68,5,108026.51000000001,282
282,1,117678.86,282
7,20,950469.97,372
68,9,218081.95,310
68,5,518665.13,341
160,4,197520.01,282
37,2,211031.82,251
98,1,89089.39,98
7,20,549732.97,341
282,2,147431.5,372
310,2,37091.78,341
98,1,65455.090000000004,98
310,2,17907.530000000002,310
37,1,141608.66,37
37,10,347870.88,341
37,5,575043.23,341
37,2,115640.53,372
68,1,87944.99,68
68,1,83043.08,68
37,2,13391.279999999999,282
68,1,151802.11,68
37,4,217228.26,68
68,3,205220.79,251
129,7,175664.84,310
37,75,1002399.65,372
37,1,55389.21,37
190,2,9560.01,341
310,1,50142.69,310
7,10,898656.02,282
282,2,19306.079999999998,310
98,1,2574.72,98
129,1,3460.55,129
68,1,15623.800000000001,68
221,3,186947.98,310
68,1,25047.53,68
37,1,47189.340000000004,37
37,7,291961.49,310
7,5,305298.33,98
7,5,789126.1,221
68,2,69877.98999999999,310
7,3,389554.89,372
68,5,220517.18,282
37,1,157714.67,37
7,3,14565.53,221
160,1,85517.98,160
221,1,53044.26,221
190,3,106270.2,282
160,1,33151.71,160
98,1,31050.21,98
68,3,11826.95,251
68,7,246297.22,372
98,5,270675.49,372
221,1,8856.58,221
7,18,447892.38,372
37,3,356875.19,98
190,1,88723.66,190
68,4,12961.310000000001,282
37,7,235610.31,221
37,3,597935.45,160
37,7,360808.02,310
98,1,2891.4700000000003,98
37,4,437932.26,251
68,5,404278.83,372
282,1,26269.22,282
190,4,43468.78,341
7,11,983465.4400000001,160
98,4,61666.51,282
68,7,393602.43,372
37,3,52357.4,68
37,2,111753.15,37
98,1,153593.67,98
37,1,37217.69,37
221,1,55612.17,221
190,3,57763.91,190
98,1,102836.57,98
37,4,74388.26000000001,160
68,1,91516.65,68
98,6,147045.6,341
310,1,119538.34,310
7,3,240692.79,282
7,4,269589.93,341
68,6,317687.58,341
160,3,38580.88,190
372,5,54084.659999999996,372
7,6,22471.55,341
129,5,225101.71,372
37,1,239803.38999999998,37
37,1,7079.75,37
37,2,8790.69,68
310,1,32237.32,310
372,1,42175.68,372
37,3,386149.82,282
7,4,106535.34,68
68,5,259166.05,310
37,1,16306.61,37
282,1,42392.08,282
68,3,113303.14,310
37,2,47302.590000000004,372
190,4,410018.77999999997,372
7,28,807058.27,341
7,29,561025.05,372
190,1,37325.05,190
98,1,46778.23,98
7,1,42634.479999999996,7
190,1,75259.74,190
37,7,191058.07,372
37,3,14775.520000000002,341
37,5,458223.51,68
7,1,68193.74,7
129,2,151262.83000000002,129
7,4,127875.91,372
68,1,15052.75,68
190,1,5516.8,190
310,3,92782.29,372
37,10,2391086.98,341
129,9,619832.56,372
98,3,73758.76,341
251,2,45943.09,372
190,14,263296.63,372
7,7,209859.97,341
37,2,56609.7,129
68,7,533456.82,372
37,2,17407.19,160
7,24,1175152.21,372
37,3,139359.37,372
7,2,85203.84,68
68,1,59315.79,68
372,1,8550.08,372
37,6,41057.08,310
221,2,77117.11,341
7,1,15597.09,7
7,15,330013.28,372
7,5,270350.4,282
129,4,155064.07,282
98,4,118516.48,310
98,1,94386.04,98
372,1,3139.8900000000003,372
160,2,30634.63,190
129,1,9829.86,129
372,1,57940.68,372
98,3,63775.1,282
251,1,15479.07,251
251,1,37018.14,251
98,3,87869.44,160
68,1,27022.739999999998,68
7,19,588600.04,310
68,3,71175.19,341
98,1,134366.26,98
68,1,188744.91999999998,68
37,2,22739.66,372
7,1,14539.4,7
282,2,29921.37,310
7,6,188636.96,341
68,1,61749.3,68
37,2,83898.69,37
98,2,85180.23,98
37,16,463108.14,372
37,9,728067.56,251
221,1,10131.08,221
190,2,22656.77,251
37,4,213304.28,310
98,1,83261.48,98
190,1,70286.79,190
37,2,110430.42,160
251,1,19292.12,251
37,6,251636.75,341
282,2,44754.67,282
7,2,21607.72,282
68,4,93856.29,282
251,1,9140.36,251
98,2,132144.03,221
282,1,48167.68,282
7,20,436031.14,282
98,1,36068.48,98
37,6,309988.52,251
98,2,145524.46,98
37,7,380457.27,251
221,2,28288.49,372
37,5,201605.55000000002,251
37,11,240507.1,372
37,4,141123.0,251
129,1,26603.62,129
7,3,83809.73,221
251,1,58568.91,251
190,2,143303.03,221
190,2,30439.63,221
37,2,53392.92,68
98,1,54872.52,98
68,11,305980.56,282
37,3,258222.82,98
160,5,80318.27,372
37,6,633778.64,341
37,21,212178.81,372
37,4,554038.62,282
372,1,20527.760000000002,372
190,1,11217.67,190
37,5,40432.85,341
372,1,9158.27,372
37,1,78096.43,37
68,2,145964.71,310
37,6,51492.26,310
37,4,343230.08,98
37,17,685220.62,372
37,3,21022.809999999998,190
7,23,311875.76,282
68,2,249021.81,98
37,5,195134.2,341
7,17,445001.58,282
372,1,3842.71,372
68,1,20435.41,68
98,6,115082.45,282
7,5,57717.18,190
7,31,746059.85,372
68,2,153242.27,68
68,9,1506677.02,372
7,4,129916.29,68
98,3,38073.89,98
68,3,33247.11,221
282,2,4690.25,310
68,2,157914.05,282
160,4,23398.190000000002,251
251,1,37904.44,251
251,2,9879.05,282
7,17,777066.63,372
7,18,377246.34,372
7,29,762175.4,372
37,3,336142.24,129
68,1,62460.28,68
98,5,207214.69,282
37,10,1010151.9,372
7,5,47870.07,372
37,11,1126286.31,282
37,21,1599302.8800000001,372
221,4,225045.03,341
98,1,58896.07,98
282,3,3519.5,310
37,9,614522.03,372
372,1,114584.84,372
37,8,527966.28,372
37,1,76369.05,37
282,1,108722.85,282
37,16,585196.49,372
98,2,140738.36000000002,129
310,8,401519.02,372
37,5,448999.55,372
372,1,102607.95999999999,372
68,4,612004.9400000001,282
37,26,1666584.75,251
68,4,209353.65,341
37,1,93064.87,37
68,3,133456.19,129
98,7,313466.81,341
68,1,214.89,68
310,1,2914.4,310
190,2,47361.15,190
68,2,2329.02,68
37,8,482619.98,372
37,7,594969.75,190
98,18,936627.51,310
7,19,1145724.94,372
37,4,113024.89,68
37,5,202926.38,341
68,5,242021.96,251
37,1,56633.57,37
372,1,15110.6,372
68,1,94715.78,68
372,1,5843.5,372
129,5,405101.99,341
221,1,40895.909999999996,221
341,1,15823.11,341
68,1,50250.8,68
7,4,127119.96,37
98,1,22150.47,98
37,3,206596.49,160
190,2,49199.770000000004,221
7,18,1764165.8800000001,160
310,1,2350.11,310
282,2,58983.36,282
37,11,563673.31,341
68,5,144849.41,282
282,1,101010.84,282
68,6,399108.66000000003,372
37,5,640571.73,341
68,1,58162.25,68
68,5,137981.06,190
37,11,434465.18,372
68,1,216436.03,68
98,2,106175.73,282
98,2,47565.07,282
7,28,891757.77,372
129,2,131977.19,282
372,2,34675.11,372
37,19,408036.54,372
37,1,17557.02,37
129,2,400186.44,282
7,1,19677.350000000002,7
7,8,237874.44,37
37,8,874352.38,341
282,2,37242.06,282
68,1,42267.740000000005,68
7,12,815600.81,190
372,1,159972.87,372
98,1,45348.4,98
37,1,460223.54,37
190,5,286668.7,282
68,1,77320.24,68
37,3,173842.25,282
190,2,256372.51,372
129,4,230169.88,251
160,3,160384.73,282
98,2,57018.130000000005,282
37,6,376120.16000000003,282
221,2,41657.63,372
7,2,72003.29,37
372,1,33704.72,372
7,10,1089206.21,221
37,22,857337.92,372
129,4,62443.56,372
7,13,252632.43,372
37,13,489888.32,221
98,1,78850.79,98
251,1,97143.23,251
37,2,69572.04,190
37,2,88927.21,190
68,1,42648.27,68
98,2,22199.19,129
160,1,34862.48,160
37,1,84195.95,37
190,3,28819.440000000002,221
7,4,115229.78,341
251,1,69805.16,251
129,2,11972.88,372
68,2,28790.879999999997,129
37,12,403210.89,251
221,3,66393.82,310
7,39,744865.24,372
37,7,335720.12,310
68,4,145861.19,310
68,17,952083.02,341
68,1,36208.11,68
68,1,51374.22,68
68,1,32784.99,68
190,1,23949.170000000002,190
341,1,34282.64,341
7,3,48872.63,68
37,2,16686.64,190
37,2,49877.9,68
37,1,11279.09,37
372,2,32744.120000000003,372
129,5,183511.86000000002,282
68,3,22920.730000000003,372
37,4,65046.740000000005,372
160,3,26767.54,160
37,5,295044.58,190
37,7,361711.61,282
98,3,27244.78,190
7,10,655118.55,372
68,9,311478.08,341
37,6,405297.28,221
37,2,12096.32,98
37,7,466382.89,190
68,1,60.32,68
68,3,106251.27,341
190,2,96578.94,372
37,2,81611.95999999999,37
37,3,286160.45,372
37,1,114802.71,37
221,3,348562.65,341
7,5,506560.46,372
7,7,270041.89,341
372,1,136629.74,372
68,1,170542.52,68
310,3,138432.69,341
37,4,427605.19,372
7,6,323279.51,372
37,5,206804.43,68
129,1,102785.31,129
37,1,162894.5,37
7,16,1842647.62,372
7,8,567978.02,372
98,4,213624.08,251
37,5,376479.09,372
68,2,38345.53,98
7,8,1451021.3900000001,98
37,14,264248.05,341
310,1,12889.93,310
37,1,126719.88,37
37,6,177026.18,282
37,2,355538.28,372
282,1,12737.4,282
68,7,338831.26,341
160,11,820353.04,372
68,1,178809.87,68
37,26,1803495.11,372
37,4,242543.5,98
372,1,34457.62,372
129,3,17183.38,372
98,19,506440.28,372
7,7,183477.22,160
37,3,140061.07,68
7,21,2375451.49,372
68,1,106735.02,68
7,5,117459.04000000001,251
68,2,151683.94,68
37,1,162111.17,37
7,5,605343.31,310
68,3,742861.73,310
37,10,686044.47,251
221,3,76956.36,341
37,19,688644.02,372
251,1,48135.93,251
160,3,52329.090000000004,341
7,7,162149.46,341
68,3,111800.22,372
129,4,220486.81,310
129,2,39512.55,129
37,1,6271.200000000001,37
7,9,151558.42,372
190,5,68805.82,372
37,2,46924.14,37
251,2,44881.9,282
98,1,17484.370000000003,98
37,3,271909.57,251
129,1,39802.33,129
190,1,19219.12,190
251,1,74956.14,251
7,10,65140.030000000006,251
190,1,55241.99,190
7,2,67538.43000000001,129
68,3,89993.89,190
7,2,109598.56,37
282,1,5696.66,282
98,1,88392.55,98
7,8,228424.0,310
282,2,236522.1,310
68,1,73939.92,68
37,8,407257.01,372
98,5,981770.9,129
37,11,287147.44,372
37,2,7102.38,37
7,7,347767.37,221
7,1,16634.809999999998,7
7,6,30091.38,160
221,1,898.9,221
37,6,194577.16,310
372,1,3401.6000000000004,372
37,9,88116.13,372
310,3,29706.73,341
160,6,15055.68,310
37,2,50980.86,98
7,11,431538.17,372
98,4,145010.12,310
68,2,143710.88,98
7,4,111550.55,98
68,7,146821.65,372
37,2,24184.41,37
37,1,29387.13,37
7,4,161823.95,68
37,3,583845.21,190
7,27,691527.71,372
68,2,33386.95,341
37,4,589801.36,372
37,1,20129.63,37
68,3,4379.549999999999,160
68,3,17490.920000000002,372
190,2,5893.150000000001,372
98,7,393806.28,341
129,2,5525.96,251
68,1,25184.78,68
37,2,60214.61,160
98,3,60862.6,372
37,4,82237.92,310
251,3,79939.85,310
98,2,212466.46,98
37,1,67437.54,37
160,1,38661.34,160
37,4,206321.8,372
7,5,267827.76,251
37,4,262858.02,282
7,3,33431.95,372
129,3,53634.72,251
160,1,53621.66,160
98,3,178301.47,221
129,6,121838.79000000001,341
7,11,752740.67,282
98,6,809736.97,310
221,1,114301.5,221
37,1,259246.58000000002,37
129,2,40016.82,129
37,6,197201.95,251
98,3,185193.95,251
37,5,1207102.69,372
282,1,9860.41,282
98,12,275307.58,251
341,5,196341.43,372
7,11,190637.32,310
68,3,140265.79,341
160,1,3225.6400000000003,160
37,22,750667.7,372
37,13,398109.62,372
129,1,135275.82,129
7,14,388841.84,310
37,4,452824.7,129
37,5,177081.73,341
37,3,83192.14,372
37,2,74354.68000000001,37
98,1,5012.78,98
37,3,28126.65,282
37,2,185169.6,68
37,2,213016.73,341
129,3,144506.80000000002,310
37,2,450640.93,37
129,6,536472.11,372
7,6,225824.39,68
37,4,321356.33,282
7,8,204127.47,372
7,10,465568.33,372
68,4,323385.61,282
341,2,31699.27,341
37,6,170960.75,341
37,7,147691.96,282
7,9,503275.83,372
37,2,176492.87,37
37,4,109345.23000000001,190
282,1,1321.02,282
160,2,256575.39,310
37,7,1078006.66,282
37,8,293249.0,251
190,1,20493.98,190
68,1,79125.19,68
7,10,338124.39,341
7,5,110828.63,251
310,1,20159.2,310
341,1,15166.31,341
7,3,108747.16,68
251,1,47896.88,251
129,1,7827.889999999999,129
160,1,27336.51,160
190,1,85656.13,190
68,1,111333.0,68
160,7,625943.5,372
341,1,24160.51,341
7,5,335573.45,98
37,7,53430.86,282
129,2,68102.64,282
37,7,158446.16,372
282,1,52186.32,282
37,15,1347445.05,310
251,1,58308.82,251
251,1,27031.41,251
7,2,121801.39,98
129,3,90632.51,372
37,6,228490.61000000002,310
68,1,26575.4,68
221,4,38953.05,282
37,1,33147.85,37
98,1,64520.97,98
37,2,55651.3,190
7,3,32295.329999999998,190
37,3,174235.24000000002,372
37,4,250235.71,190
37,6,612540.1900000001,251
37,11,224290.79,310
37,2,17512.58,98
37,8,341867.92,282
310,1,31588.05,310
37,3,29770.02,221
68,4,145737.98,190
310,1,46287.7,310
98,2,38464.18,98
7,9,261910.98,160
221,1,11819.28,221
68,5,135902.97,310
221,1,35597.31,221
190,3,223381.5,372
68,6,342860.36,341
68,2,54449.200000000004,372
7,8,158206.12,129
68,2,4297.81,68
251,1,26301.030000000002,251
37,9,256798.58000000002,372
129,2,143179.12,372
68,3,38528.68,221
37,7,611039.6900000001,372
37,9,85501.42,190
282,2,85668.8,372
37,1,89906.6,37
37,3,262780.83,372
68,1,108999.65,68
37,6,368321.11,68
190,9,179855.36,372
68,1,20622.45,68
68,1,20899.5,68
37,9,485030.75,372
282,1,10617.189999999999,282
68,11,403202.96,372
68,7,251655.91999999998,372
251,1,27295.92,251
7,10,801505.2,372
37,1,76313.63,37
37,14,1247115.31,372
7,2,177085.65,37
68,1,78393.46,68
310,2,127537.22,372
310,1,58506.49,310
37,6,132500.24,372
37,8,568955.93,372
98,2,111435.7,160
282,11,187951.9,372
37,14,1335243.7,372
7,2,96101.13,37
37,1,65742.57,37
190,1,34998.42,190
37,2,72761.85,372
37,6,312023.73,372
37,2,38072.01,37
7,17,1399244.1300000001,372
341,2,38342.97,372
129,2,115884.7,190
7,30,1024568.3,372
68,1,81429.05,68
221,1,20187.75,221
37,1,130872.46,37
129,1,145961.38,129
7,2,145232.8,282
372,1,105192.48,372
129,2,249948.6,190
37,1,53830.41,37
7,2,275037.02,37
68,2,181819.39,310
129,2,32624.45,341
160,2,331423.02,372
68,5,22281.97,372
221,1,56603.0,221
160,2,332857.18,190
7,3,185225.56,160
129,2,106597.57,129
129,4,12549.39,251
68,5,285607.39,282
37,1,68701.52,37
251,2,152230.92,341
251,1,34492.85,251
68,1,14302.130000000001,68
129,3,233887.17,310
68,7,722482.47,341
37,1,143193.23,37
37,7,290657.91,372
37,7,336005.11,372
37,4,274831.13,190
7,2,257842.91,37
310,1,703.4399999999999,310
7,9,324962.39,372
37,3,162900.56,68
37,1,126158.04,37
129,2,81599.28,129
37,4,163854.91,190
37,1,170000.28,37
37,6,213766.09,310
372,1,121190.53,372
37,21,168548.13999999998,372
372,1,1128.46,372
98,1,19783.989999999998,98
98,2,149195.08,341
160,3,31127.18,160
37,2,75302.79,37
37,11,405246.25,341
7,43,1167595.2,372
68,5,26844.08,98
129,3,170103.88999999998,372
7,2,242032.5,68
37,9,565739.62,310
37,4,118759.47,372
282,1,15116.27,282
37,2,87236.1,341
37,2,9782.869999999999,68
129,1,3591.87,129
98,1,81992.49,98
310,3,37001.66,310
160,7,1363185.49,310
37,10,1940875.14,372
98,2,29584.83,372
37,16,1135029.94,372
160,3,409315.58,372
372,1,23684.48,372
68,1,53359.89,68
37,4,210779.21,221
7,16,1271153.16,372
98,1,66.3,98
37,5,591181.41,310
190,1,19130.97,190
7,5,189312.68,68
37,3,74979.92,282
129,2,19675.77,160
68,1,38467.04,68
310,1,52428.92,310
37,2,83214.71,37
310,2,127208.52,372
37,1,31980.79,37
37,3,327937.58,190
68,3,71268.29,310
251,2,98495.77,310
7,12,1111391.6,341
37,8,1139954.57,341
251,1,69244.46,251
37,9,329908.76,341
98,4,81134.32,190
37,3,237793.22,372
68,8,639586.76,372
68,4,121425.41,341
221,2,62737.71,282
190,4,172241.68,372
98,2,69296.46,310
37,21,1064099.37,372
37,1,211171.63,37
7,30,295544.94,372
68,1,3005.1,68
7,1,118225.18000000001,7
37,2,38770.369999999995,221
37,1,114080.3,37
7,6,73919.28,190
37,2,201609.59,37
98,4,52867.92,310
7,43,676400.36,341
190,2,4815.84,190
310,2,173515.02,372
221,1,11644.85,221
68,8,68990.59,372
37,2,255883.43,37
129,3,101840.18000000001,282
129,5,515788.18,372
7,13,145697.35,372
37,1,75749.23,37
7,18,536185.55,372
7,5,231937.16,160
341,5,284595.33,372
190,1,9387.34,190
190,2,20582.66,251
37,5,169262.58000000002,221
37,4,124945.47,372
7,7,167037.6,372
68,2,15203.49,190
98,1,27472.48,98
37,9,752543.38,282
68,2,60624.46,341
37,14,494757.02999999997,372
68,3,89444.6,372
37,10,347920.69,310
68,4,60134.65,221
37,2,74718.52,68
7,7,642019.26,282
98,1,7951.08,98
7,33,869551.35,372
129,4,97558.82,221
37,2,27456.510000000002,372
341,1,103793.85,341
37,2,134995.01,37
98,1,135159.7,98
7,9,359179.53,98
7,2,32991.94,251
251,2,48327.41,282
160,5,22359.91,251
37,10,394145.79,372
221,1,2615.22,221
160,3,324412.91000000003,190
190,2,9706.55,310
68,2,95223.85,98
160,1,6378.24,160
7,8,699852.32,372
7,55,1004926.3,372
7,10,285359.26,129
37,2,40225.32,68
221,4,177156.26,372
221,1,20724.85,221
372,1,41681.51,372
129,5,46392.09,341
37,1,142636.84,37
68,2,296149.1,68
98,8,120294.73,372
37,3,319008.63,37
68,3,82586.67,310
37,6,533952.4400000001,341
160,1,17302.98,160
37,2,102867.8,98
37,2,20184.21,37
37,6,196506.54,221
68,5,182510.7,372
190,3,424737.12,310
98,1,55597.29,98
98,2,98955.84,98
7,5,224097.49,98
68,3,50396.67,190
282,1,59962.86,282
68,2,82951.21,221
7,11,268742.16000000003,190
7,11,290186.78,372
251,1,22621.9,251
7,2,52760.32,37
372,1,33729.4,372
98,1,48214.79,98
310,1,97095.61,310
37,3,15231.43,37
221,2,48891.36,221
37,4,60087.07,37
7,2,125194.20999999999,37
221,10,343555.87,341
160,2,121747.52,221
98,2,39342.85,98
282,2,181854.25,310
282,1,72271.73,282
68,11,911213.9400000001,68
37,1,51387.62,37
7,46,2694215.5300000003,372
37,11,256457.98,310
98,1,15572.66,98
129,1,89693.67,129
37,4,224326.1,341
37,5,410222.79,310
310,1,28060.93,310
37,7,209684.17,372
68,1,56616.17,68
37,4,103983.64,221
7,5,180471.2,221
37,4,88500.3,37
372,1,19165.2,372
372,1,16933.18,372
7,8,39335.49,372
68,6,122556.23,221
7,11,701110.8200000001,98
7,10,1019113.43,372
129,2,46836.909999999996,190
68,1,15750.42,68
282,1,21945.19,282
190,1,6772.4800000000005,190
37,2,192362.22,310
37,1,48081.1,37
7,3,72731.98,341
282,1,64057.95,282
68,3,340073.95,68
372,1,8962.560000000001,372
221,3,38052.22,372
37,2,12089.86,68
221,3,126914.02,251
372,1,103078.7,372
68,6,102728.32,372
129,1,4390.38,129
7,5,211631.23,160
37,2,279685.61,341
221,1,11950.58,221
37,3,90772.92,98
98,5,48482.62,310
37,1,100712.4,37
37,8,162255.98,190
37,3,129585.38,98
7,2,387501.13,37
7,10,463140.97000000003,372
341,1,77704.92,341
68,4,726667.54,310
98,4,22925.010000000002,372
37,4,58993.9,98
251,1,5990.759999999999,251
7,22,1080717.72,372
190,2,11245.949999999999,221
7,4,128888.09,190
251,3,108082.5,372
7,31,1078573.71,372
251,1,74499.59,251
7,3,90010.20999999999,129
129,4,512677.34,341
129,3,64590.01,251
68,4,600603.42,251
7,3,536682.95,68
98,8,380252.83,372
7,6,565412.99,372
98,2,134371.46,282
37,2,238624.22,37
37,7,633376.56,372
221,1,174036.99,221
37,1,23505.22,37
251,1,24428.04,251
7,8,1394648.66,341
68,5,31509.89,282
221,2,172728.52000000002,341
37,2,125127.58,37
68,6,597639.71,341
7,19,1510960.17,372
68,10,367124.49,310
37,17,761064.05,310
68,1,252114.28,68
129,3,28463.989999999998,221
190,3,7291.39,372
7,3,187470.7,372
341,1,207236.47,341
68,1,5988.09,68
37,4,78292.82,372
37,1,77754.93,37
37,2,134660.05,221
37,4,681756.25,282
98,1,10163.220000000001,98
7,9,342782.43,372
190,2,47913.01,251
7,3,97493.71,251
37,6,158204.98,372
37,9,727764.4,341
7,2,53357.69,37
37,2,96126.63,129
282,1,17034.510000000002,282
98,1,3255.67,98
129,2,116986.08,190
372,1,23807.45,372
7,17,439656.16,341
221,4,148322.7,372
68,1,11116.18,68
68,5,249111.6,251
160,2,139823.01,160
37,1,20254.54,37
37,14,568645.5,190
37,18,628312.83,282
37,5,121303.02,129
282,1,69369.24,282
37,8,221954.44,372
98,5,194436.42,129
37,3,64527.52,221
7,14,362199.39,372
160,1,112543.08,160
37,9,210414.29,310
37,2,99993.18000000001,221
7,2,36487.94,68
68,5,326794.11,310
7,2,34543.21,37
68,7,172682.78,251
251,1,13979.24,251
37,6,139983.3,372
68,4,315031.35000000003,310
7,7,589370.5,341
98,2,63015.89,372
7,41,1728225.8800000001,372
7,7,204656.51,372
7,43,857037.03,372
282,1,36296.99,282
68,2,80405.0,98
37,1,25145.64,37
37,7,250960.18,372
68,1,34750.42,68
37,7,361814.18,372
7,7,700944.21,310
37,16,663235.62,372
372,2,57831.130000000005,372
129,5,115418.72,372
160,3,53270.95,160
160,1,39415.59,160
160,2,116508.73,190
37,14,352834.62,372
251,1,34474.01,251
282,1,22320.99,282
37,6,385755.14,372
251,1,72379.18000000001,251
37,6,236729.44,372
37,3,155952.5,160
190,2,74981.93,251
7,10,272441.83,310
7,22,1006159.08,372
190,2,18181.65,341
190,2,93886.68000000001,341
190,1,10625.74,190
37,2,71778.61,310
68,1,69394.79000000001,68
341,1,18238.8,341
221,1,1073.76,221
37,12,685350.78,282
251,1,16024.85,251
37,18,741683.48,282
37,4,113791.64,372
98,6,287668.12,372
129,6,31333.23,221
68,4,112167.93000000001,160
37,14,483362.21,282
37,2,178043.25,37
7,5,426128.54,98
7,15,517294.35,341
98,5,207591.21,190
372,1,40897.71,372
37,2,91398.16,282
68,3,93009.55,251
7,19,1700952.31,372
37,4,54810.29,129
37,2,19753.24,68
37,5,221238.84,282
37,8,135341.31,372
129,2,25436.18,341
7,7,348364.64,372
251,2,21587.14,251
129,2,8057.360000000001,129
190,2,73391.03,282
7,9,509787.64,190
372,1,1732.4,372
7,6,233869.59,282
7,31,1925692.31,372
37,8,1043499.16,251
37,3,290707.05,190
37,2,76273.33,372
37,1,52386.86,37
282,1,200.42,282
68,2,166857.47,221
160,3,140451.59,282
37,1,50919.840000000004,37
7,3,236918.04,190
37,12,808292.76,341
221,5,101500.05,282
68,2,115753.41,341
37,2,147618.07,37
98,5,412423.92,310
282,1,4526.52,282
37,3,513828.57,129
37,5,178053.63999999998,160
160,2,21651.73,282
98,2,161597.9,251
68,1,45245.08,68
98,2,152129.63,341
160,4,319224.73,372
98,2,9754.79,129
282,1,17211.62,282
37,14,516844.11,372
37,1,25132.98,37
37,1,135550.26,37
190,2,115254.98,282
68,4,223248.01,372
37,3,290660.45,190
37,11,1161581.41,372
37,9,259824.94,341
98,4,404328.86,372
98,1,25607.46,98
37,1,127118.16,37
37,15,158947.02,372
7,51,2128045.91,341
37,4,313643.34,372
37,7,1042428.65,98
37,4,47911.68,372
7,3,79222.91,282
98,8,129806.38,372
190,2,7747.849999999999,372
68,1,27350.27,68
7,5,553286.2,372
7,9,199128.31,190
310,1,71544.51000000001,310
7,3,56420.490000000005,310
37,1,6024.15,37
68,1,151928.74,68
7,3,170502.1,37
68,1,57345.88,68
68,10,475507.93,190
37,6,345023.92,372
68,1,142849.9,68
7,169,20383830.65,372
310,1,112466.42,310
129,1,6058.58,129
98,1,1742.04,98
98,9,114709.88,372
221,4,47903.54,341
310,35,825197.91,372
37,2,36422.57,37
190,2,26846.46,251
372,1,28965.41,372
7,6,25779.07,282
7,25,132106.46,372
7,12,491356.93,372
310,1,75663.28,310
372,1,168547.07,372
7,9,572742.58,341
341,1,33153.89,341
68,6,324769.46,372
37,3,279920.3,282
37,27,952872.31,372
160,2,22252.23,160
37,8,190620.48,310
129,5,98487.2,372
7,13,703657.85,372
221,1,23170.49,221
98,6,117909.33,372
190,7,100878.44,282
190,1,36416.23,190
68,1,77970.51,68
190,1,20029.7,190
372,1,62830.02,372
310,1,18349.33,310
7,4,388378.58,251
7,4,307942.15,372
37,1,142862.12,37
37,3,301989.51,251
129,1,24517.55,129
37,10,194285.84,372
221,2,68638.27,341
341,2,229387.38,372
190,1,94405.46,190
68,3,61617.44,160
251,1,45826.78,251
98,8,463640.04,372
68,1,27989.93,68
37,1,6106.7,37
190,4,324913.05,372
98,2,61736.89,221
160,1,70363.12,160
190,4,27290.64,190
37,1,54638.520000000004,37
37,2,91541.03,37
98,4,87955.53,372
251,1,38680.71,251
372,1,145427.69,372
37,1,119208.47,37
310,6,94146.09,372
68,2,142101.65,372
7,1,235170.09,7
68,3,229850.85,372
98,1,57981.95,98
7,17,1762075.52,372
68,4,375827.09,282
282,1,3403.08,282
7,13,102969.41,372
372,1,5736.0,372
160,2,46557.49,221
68,2,60130.44,251
37,5,23096.17,310
37,5,94428.99,251
160,2,155541.28,282
37,3,245851.04,221
68,2,61485.69,68
160,2,74377.09,160
7,1,199458.41,7
7,7,127301.11,372
160,1,38106.8,160
68,14,66767.14,310
129,1,4358.73,129
7,1,6800.530000000001,7
251,2,47295.54,282
37,1,27438.06,37
160,1,5508.36,160
7,52,156409.9,372
98,4,188426.83,372
68,4,49874.2,372
7,16,1193412.52,372
221,4,57774.36,221
251,1,1945.82,251
68,1,71943.22,68
129,1,11296.29,129
190,1,70777.75,190
37,39,615597.99,372
160,1,95055.6,160
37,2,254527.74,372
37,14,890544.02,372
37,5,183924.8,282
372,1,102114.46,372
372,1,237683.18,372
190,2,55263.54,372
221,1,84616.22,221
251,1,85101.15000000001,251
68,1,28196.7,68
37,3,441527.56,221
37,14,764383.97,372
372,1,169425.52,372
37,1,40528.56,37
372,1,26684.19,372
37,5,386020.4,282
190,3,83057.85,372
160,1,93198.34,160
37,1,83175.1,37
68,1,1530.49,68
190,1,38376.37,190
37,8,87473.8,341
251,3,61610.23,372
251,2,14644.02,251
129,6,218243.37,310
282,1,2886.32,282
98,12,446439.94,190
37,2,239640.96,372
37,2,138649.98,98
372,1,108107.7,372
7,2,159103.96,68
37,1,59739.91,37
98,9,82365.99,341
251,2,81975.39,251
282,1,54370.9,282
372,1,62412.29,372
160,2,111841.15,160
37,1,78195.6,37
7,1,130988.73,7
37,5,338347.94,372
98,3,5000.92,310
129,2,76431.58,221
68,1,14469.8,68
37,1,494936.72000000003,37
160,3,70216.86,160
98,1,49421.54,98
7,3,21563.13,68
341,1,17221.94,341
68,1,104185.62,68
37,2,307479.54,37
37,3,164684.35,68
37,3,228174.44,251
160,6,38405.67,372
37,2,53359.89,251
37,22,1181027.09,372
68,1,13855.14,68
37,3,300001.19,372
7,11,318799.68,372
68,1,161970.28,68
221,2,15684.77,221
372,1,13310.160000000002,372
68,2,70952.14,98
7,11,928894.76,372
310,1,45827.09,310
37,1,11689.82,37
37,4,58751.64,68
37,10,139770.47,372
190,3,70783.06,341
160,2,10052.84,251
7,15,407699.99,372
98,1,27416.96,98
68,1,94531.76000000001,68
310,1,1801.58,310
37,7,1315410.21,341
282,2,59968.96,372
160,2,88714.01,190
129,13,171900.42,221
372,1,29052.6,372
37,14,478465.21,372
7,11,642723.15,372
221,2,53914.64,282
68,4,330448.43,251
37,2,3063.86,251
37,3,51948.74,160
37,1,195392.69,37
37,2,5056.04,310
341,2,65993.99,372
282,1,25214.95,282
98,4,26018.39,310
68,1,108617.78,68
7,12,269154.94,372
98,5,122690.98,310
98,7,172598.56,310
341,2,49362.94,341
37,3,524103.75,68
7,7,315981.36,372
129,1,44667.33,129
37,2,124660.15,160
7,62,1101268.8800000001,372
37,1,101963.31,37
37,1,49974.92,37
341,1,79437.82,341
251,2,41895.41,282
7,31,1146932.74,372
37,2,119227.15,37
37,2,74339.01,190
372,1,2354.28,372
310,1,77109.28,310
68,8,971166.68,372
37,1,197462.37,37
37,31,3319927.44,372
372,1,73804.51,372
221,1,44658.96,221
160,2,73291.68000000001,160
7,6,920006.33,160
37,2,102784.49,37
37,5,523393.73,341
68,1,130846.6,68
37,3,128603.56000000001,160
251,1,33432.770000000004,251
7,4,185579.95,68
221,2,1449.9,221
37,5,42710.0,190
68,4,106484.88,341
310,1,31686.420000000002,310
37,8,417459.65,37
372,1,2260.5,372
160,4,50819.31,221
129,2,174409.31,160
7,12,95915.15,372
37,4,591394.01,341
160,2,24384.6,221
68,2,14953.1,129
68,3,34480.54,282
37,3,97441.13,221
160,2,92531.33,310
7,2,44845.49,68
98,4,83087.44,310
37,2,404331.35,372
37,3,113536.02,98
310,1,63732.05,310
68,2,111159.75,221
37,6,267260.98,341
37,2,61565.53,37
190,1,23716.72,190
7,6,121570.24,129
190,9,336247.53,372
68,1,25907.16,68
37,3,100619.23,221
68,7,156994.18,341
37,25,485447.89,310
98,4,71049.62,282
7,1,3308.5,7
372,2,73393.89,372
37,7,178956.34,282
129,6,288185.47000000003,372
37,6,231193.94,341
7,6,279748.48,160
37,1,128786.49,37
221,6,97791.96,282
37,1,6386.04,37
251,1,50087.91,251
37,4,196587.91,310
98,3,164194.76,282
221,3,37717.4,341
282,1,21188.9,282
98,1,99928.01,98
160,3,54838.1,372
68,2,25933.32,98
98,2,312164.07,310
7,21,407944.69,341
129,1,89047.34,129
221,3,176057.88,310
160,1,77032.56,160
98,4,515839.33,221
37,2,83273.68000000001,98
37,1,24284.87,37
7,6,325715.5,282
37,5,109208.97,282
341,1,107477.44,341
251,1,38529.7,251
98,1,35064.42,98
37,1,101800.01,37
37,2,61878.81,98
221,4,76770.12,282
7,11,308453.4,372
221,2,13490.35,251
37,6,164636.29,221
98,1,42812.68,98
7,27,770695.42,372
282,1,29955.219999999998,282
7,17,753284.92,372
37,14,687958.6,341
221,1,16681.260000000002,221
68,3,80424.61,98
37,20,372558.19,372
37,10,224788.08,372
221,6,309883.24,310
98,5,92758.02,221
341,1,626.64,341
98,3,291665.84,221
37,6,134095.85,251
7,5,140439.6,160
221,5,215335.63,372
68,1,7396.96,68
37,18,234009.41,221
98,4,194455.69,221
7,8,457529.32,372
37,2,12329.9,251
129,4,120057.19,190
37,1,16405.1,37
310,2,57470.42,310
98,1,35967.63,98
68,2,247027.65,190
98,1,7525.37,98
372,1,3317.66,372
68,12,305227.79,310
37,3,126425.4,372
190,8,349885.06,372
68,2,45067.130000000005,98
160,1,26389.84,160
37,4,182294.87,251
98,2,121154.99,160
160,2,2341.13,160
372,2,18542.07,372
37,3,32365.39,282
7,7,445784.29,251
7,3,4533.1,282
37,2,67407.74,37
37,3,36314.43,68
68,2,23298.35,341
98,1,21841.57,98
282,1,18907.36,282
190,1,26009.01,190
7,3,36010.74,129
7,16,2008747.62,341
68,3,209057.23,221
